Date;Group;Series;Value
02/01/1998;Treasury Bills;SE 12M;5.06
05/01/1998;Treasury Bills;SE 12M;4.99
07/01/1998;Treasury Bills;SE 12M;4.95
08/01/1998;Treasury Bills;SE 12M;4.91
09/01/1998;Treasury Bills;SE 12M;4.81
12/01/1998;Treasury Bills;SE 12M;4.74
13/01/1998;Treasury Bills;SE 12M;4.78
14/01/1998;Treasury Bills;SE 12M;4.77
15/01/1998;Treasury Bills;SE 12M;4.76
16/01/1998;Treasury Bills;SE 12M;4.78
19/01/1998;Treasury Bills;SE 12M;4.78
20/01/1998;Treasury Bills;SE 12M;4.77
21/01/1998;Treasury Bills;SE 12M;4.79
22/01/1998;Treasury Bills;SE 12M;4.79
23/01/1998;Treasury Bills;SE 12M;4.80
26/01/1998;Treasury Bills;SE 12M;4.80
27/01/1998;Treasury Bills;SE 12M;4.74
28/01/1998;Treasury Bills;SE 12M;4.73
29/01/1998;Treasury Bills;SE 12M;4.74
30/01/1998;Treasury Bills;SE 12M;4.75
02/02/1998;Treasury Bills;SE 12M;4.73
03/02/1998;Treasury Bills;SE 12M;4.74
04/02/1998;Treasury Bills;SE 12M;4.74
05/02/1998;Treasury Bills;SE 12M;4.74
06/02/1998;Treasury Bills;SE 12M;4.73
09/02/1998;Treasury Bills;SE 12M;4.75
10/02/1998;Treasury Bills;SE 12M;4.75
11/02/1998;Treasury Bills;SE 12M;4.71
12/02/1998;Treasury Bills;SE 12M;4.71
13/02/1998;Treasury Bills;SE 12M;4.68
16/02/1998;Treasury Bills;SE 12M;4.68
17/02/1998;Treasury Bills;SE 12M;4.65
18/02/1998;Treasury Bills;SE 12M;4.64
19/02/1998;Treasury Bills;SE 12M;4.60
20/02/1998;Treasury Bills;SE 12M;4.62
23/02/1998;Treasury Bills;SE 12M;4.60
24/02/1998;Treasury Bills;SE 12M;4.59
25/02/1998;Treasury Bills;SE 12M;4.60
26/02/1998;Treasury Bills;SE 12M;n/a
27/02/1998;Treasury Bills;SE 12M;n/a
02/03/1998;Treasury Bills;SE 12M;4.70
03/03/1998;Treasury Bills;SE 12M;4.72
04/03/1998;Treasury Bills;SE 12M;4.79
05/03/1998;Treasury Bills;SE 12M;4.79
06/03/1998;Treasury Bills;SE 12M;4.77
09/03/1998;Treasury Bills;SE 12M;4.72
10/03/1998;Treasury Bills;SE 12M;4.71
11/03/1998;Treasury Bills;SE 12M;4.71
12/03/1998;Treasury Bills;SE 12M;4.69
13/03/1998;Treasury Bills;SE 12M;4.71
16/03/1998;Treasury Bills;SE 12M;4.69
17/03/1998;Treasury Bills;SE 12M;4.67
18/03/1998;Treasury Bills;SE 12M;4.70
19/03/1998;Treasury Bills;SE 12M;4.76
20/03/1998;Treasury Bills;SE 12M;4.74
23/03/1998;Treasury Bills;SE 12M;4.75
24/03/1998;Treasury Bills;SE 12M;4.73
25/03/1998;Treasury Bills;SE 12M;4.71
26/03/1998;Treasury Bills;SE 12M;4.72
27/03/1998;Treasury Bills;SE 12M;4.69
30/03/1998;Treasury Bills;SE 12M;4.71
31/03/1998;Treasury Bills;SE 12M;4.74
01/04/1998;Treasury Bills;SE 12M;4.78
02/04/1998;Treasury Bills;SE 12M;4.75
03/04/1998;Treasury Bills;SE 12M;4.69
06/04/1998;Treasury Bills;SE 12M;4.68
07/04/1998;Treasury Bills;SE 12M;4.71
08/04/1998;Treasury Bills;SE 12M;4.71
09/04/1998;Treasury Bills;SE 12M;4.70
14/04/1998;Treasury Bills;SE 12M;4.70
15/04/1998;Treasury Bills;SE 12M;4.71
16/04/1998;Treasury Bills;SE 12M;4.69
17/04/1998;Treasury Bills;SE 12M;4.66
20/04/1998;Treasury Bills;SE 12M;4.66
21/04/1998;Treasury Bills;SE 12M;4.66
22/04/1998;Treasury Bills;SE 12M;4.65
23/04/1998;Treasury Bills;SE 12M;4.65
24/04/1998;Treasury Bills;SE 12M;4.67
27/04/1998;Treasury Bills;SE 12M;4.72
28/04/1998;Treasury Bills;SE 12M;4.71
29/04/1998;Treasury Bills;SE 12M;4.73
30/04/1998;Treasury Bills;SE 12M;4.73
04/05/1998;Treasury Bills;SE 12M;4.71
05/05/1998;Treasury Bills;SE 12M;4.73
06/05/1998;Treasury Bills;SE 12M;4.73
07/05/1998;Treasury Bills;SE 12M;4.75
08/05/1998;Treasury Bills;SE 12M;4.71
11/05/1998;Treasury Bills;SE 12M;4.70
12/05/1998;Treasury Bills;SE 12M;4.71
13/05/1998;Treasury Bills;SE 12M;4.69
14/05/1998;Treasury Bills;SE 12M;4.69
15/05/1998;Treasury Bills;SE 12M;4.70
18/05/1998;Treasury Bills;SE 12M;4.65
19/05/1998;Treasury Bills;SE 12M;4.63
20/05/1998;Treasury Bills;SE 12M;4.62
22/05/1998;Treasury Bills;SE 12M;4.62
25/05/1998;Treasury Bills;SE 12M;4.52
26/05/1998;Treasury Bills;SE 12M;4.49
27/05/1998;Treasury Bills;SE 12M;4.44
28/05/1998;Treasury Bills;SE 12M;n/a
29/05/1998;Treasury Bills;SE 12M;n/a
02/06/1998;Treasury Bills;SE 12M;4.44
03/06/1998;Treasury Bills;SE 12M;4.42
04/06/1998;Treasury Bills;SE 12M;4.31
05/06/1998;Treasury Bills;SE 12M;4.31
08/06/1998;Treasury Bills;SE 12M;4.32
09/06/1998;Treasury Bills;SE 12M;4.32
10/06/1998;Treasury Bills;SE 12M;4.29
11/06/1998;Treasury Bills;SE 12M;4.27
12/06/1998;Treasury Bills;SE 12M;4.28
15/06/1998;Treasury Bills;SE 12M;4.27
16/06/1998;Treasury Bills;SE 12M;4.28
17/06/1998;Treasury Bills;SE 12M;4.30
18/06/1998;Treasury Bills;SE 12M;4.29
22/06/1998;Treasury Bills;SE 12M;4.27
23/06/1998;Treasury Bills;SE 12M;4.26
24/06/1998;Treasury Bills;SE 12M;4.26
25/06/1998;Treasury Bills;SE 12M;4.20
26/06/1998;Treasury Bills;SE 12M;4.17
29/06/1998;Treasury Bills;SE 12M;4.18
30/06/1998;Treasury Bills;SE 12M;4.20
01/07/1998;Treasury Bills;SE 12M;4.18
02/07/1998;Treasury Bills;SE 12M;4.17
03/07/1998;Treasury Bills;SE 12M;4.18
06/07/1998;Treasury Bills;SE 12M;4.17
07/07/1998;Treasury Bills;SE 12M;4.17
08/07/1998;Treasury Bills;SE 12M;4.18
09/07/1998;Treasury Bills;SE 12M;4.18
10/07/1998;Treasury Bills;SE 12M;4.18
13/07/1998;Treasury Bills;SE 12M;4.17
14/07/1998;Treasury Bills;SE 12M;4.15
15/07/1998;Treasury Bills;SE 12M;4.15
16/07/1998;Treasury Bills;SE 12M;4.16
17/07/1998;Treasury Bills;SE 12M;4.16
20/07/1998;Treasury Bills;SE 12M;4.15
21/07/1998;Treasury Bills;SE 12M;4.15
22/07/1998;Treasury Bills;SE 12M;4.16
23/07/1998;Treasury Bills;SE 12M;4.16
24/07/1998;Treasury Bills;SE 12M;4.16
27/07/1998;Treasury Bills;SE 12M;4.16
28/07/1998;Treasury Bills;SE 12M;4.17
29/07/1998;Treasury Bills;SE 12M;4.17
30/07/1998;Treasury Bills;SE 12M;4.20
31/07/1998;Treasury Bills;SE 12M;4.20
03/08/1998;Treasury Bills;SE 12M;4.20
04/08/1998;Treasury Bills;SE 12M;4.21
05/08/1998;Treasury Bills;SE 12M;4.21
06/08/1998;Treasury Bills;SE 12M;4.23
07/08/1998;Treasury Bills;SE 12M;4.23
10/08/1998;Treasury Bills;SE 12M;4.23
11/08/1998;Treasury Bills;SE 12M;4.20
12/08/1998;Treasury Bills;SE 12M;4.20
13/08/1998;Treasury Bills;SE 12M;4.19
14/08/1998;Treasury Bills;SE 12M;4.17
17/08/1998;Treasury Bills;SE 12M;4.15
18/08/1998;Treasury Bills;SE 12M;4.17
19/08/1998;Treasury Bills;SE 12M;4.20
20/08/1998;Treasury Bills;SE 12M;4.19
21/08/1998;Treasury Bills;SE 12M;4.23
24/08/1998;Treasury Bills;SE 12M;4.27
25/08/1998;Treasury Bills;SE 12M;4.39
26/08/1998;Treasury Bills;SE 12M;4.40
27/08/1998;Treasury Bills;SE 12M;4.45
28/08/1998;Treasury Bills;SE 12M;4.39
31/08/1998;Treasury Bills;SE 12M;4.32
01/09/1998;Treasury Bills;SE 12M;4.26
02/09/1998;Treasury Bills;SE 12M;4.29
03/09/1998;Treasury Bills;SE 12M;4.33
04/09/1998;Treasury Bills;SE 12M;4.33
07/09/1998;Treasury Bills;SE 12M;4.30
08/09/1998;Treasury Bills;SE 12M;4.28
09/09/1998;Treasury Bills;SE 12M;4.26
10/09/1998;Treasury Bills;SE 12M;4.25
11/09/1998;Treasury Bills;SE 12M;4.22
14/09/1998;Treasury Bills;SE 12M;4.22
15/09/1998;Treasury Bills;SE 12M;4.20
16/09/1998;Treasury Bills;SE 12M;4.24
17/09/1998;Treasury Bills;SE 12M;4.25
18/09/1998;Treasury Bills;SE 12M;4.28
21/09/1998;Treasury Bills;SE 12M;4.42
22/09/1998;Treasury Bills;SE 12M;4.36
23/09/1998;Treasury Bills;SE 12M;4.34
24/09/1998;Treasury Bills;SE 12M;4.33
25/09/1998;Treasury Bills;SE 12M;4.33
28/09/1998;Treasury Bills;SE 12M;4.31
29/09/1998;Treasury Bills;SE 12M;4.29
30/09/1998;Treasury Bills;SE 12M;4.29
01/10/1998;Treasury Bills;SE 12M;4.26
02/10/1998;Treasury Bills;SE 12M;4.26
05/10/1998;Treasury Bills;SE 12M;4.31
06/10/1998;Treasury Bills;SE 12M;4.33
07/10/1998;Treasury Bills;SE 12M;4.33
08/10/1998;Treasury Bills;SE 12M;4.36
09/10/1998;Treasury Bills;SE 12M;4.38
12/10/1998;Treasury Bills;SE 12M;4.35
13/10/1998;Treasury Bills;SE 12M;4.32
14/10/1998;Treasury Bills;SE 12M;4.31
15/10/1998;Treasury Bills;SE 12M;4.32
16/10/1998;Treasury Bills;SE 12M;4.24
19/10/1998;Treasury Bills;SE 12M;4.23
20/10/1998;Treasury Bills;SE 12M;4.215
21/10/1998;Treasury Bills;SE 12M;4.15
22/10/1998;Treasury Bills;SE 12M;4.16
23/10/1998;Treasury Bills;SE 12M;4.13
26/10/1998;Treasury Bills;SE 12M;4.11
27/10/1998;Treasury Bills;SE 12M;4.12
28/10/1998;Treasury Bills;SE 12M;4.12
29/10/1998;Treasury Bills;SE 12M;4.10
30/10/1998;Treasury Bills;SE 12M;3.97
02/11/1998;Treasury Bills;SE 12M;3.95
03/11/1998;Treasury Bills;SE 12M;3.91
04/11/1998;Treasury Bills;SE 12M;3.90
05/11/1998;Treasury Bills;SE 12M;3.89
06/11/1998;Treasury Bills;SE 12M;3.91
09/11/1998;Treasury Bills;SE 12M;3.91
10/11/1998;Treasury Bills;SE 12M;3.91
11/11/1998;Treasury Bills;SE 12M;3.90
12/11/1998;Treasury Bills;SE 12M;3.84
13/11/1998;Treasury Bills;SE 12M;3.80
16/11/1998;Treasury Bills;SE 12M;3.78
17/11/1998;Treasury Bills;SE 12M;3.80
18/11/1998;Treasury Bills;SE 12M;3.79
19/11/1998;Treasury Bills;SE 12M;3.78
20/11/1998;Treasury Bills;SE 12M;3.76
23/11/1998;Treasury Bills;SE 12M;3.75
24/11/1998;Treasury Bills;SE 12M;3.72
25/11/1998;Treasury Bills;SE 12M;3.72
26/11/1998;Treasury Bills;SE 12M;3.68
27/11/1998;Treasury Bills;SE 12M;n/a
30/11/1998;Treasury Bills;SE 12M;n/a
01/12/1998;Treasury Bills;SE 12M;3.65
02/12/1998;Treasury Bills;SE 12M;3.64
03/12/1998;Treasury Bills;SE 12M;3.52
04/12/1998;Treasury Bills;SE 12M;3.52
07/12/1998;Treasury Bills;SE 12M;3.54
08/12/1998;Treasury Bills;SE 12M;3.54
09/12/1998;Treasury Bills;SE 12M;3.53
10/12/1998;Treasury Bills;SE 12M;3.47
11/12/1998;Treasury Bills;SE 12M;3.46
14/12/1998;Treasury Bills;SE 12M;3.47
15/12/1998;Treasury Bills;SE 12M;n/a
16/12/1998;Treasury Bills;SE 12M;n/a
17/12/1998;Treasury Bills;SE 12M;3.50
18/12/1998;Treasury Bills;SE 12M;3.50
21/12/1998;Treasury Bills;SE 12M;3.50
22/12/1998;Treasury Bills;SE 12M;3.53
23/12/1998;Treasury Bills;SE 12M;3.53
28/12/1998;Treasury Bills;SE 12M;3.56
29/12/1998;Treasury Bills;SE 12M;3.54
30/12/1998;Treasury Bills;SE 12M;3.53
04/01/1999;Treasury Bills;SE 12M;3.47
05/01/1999;Treasury Bills;SE 12M;3.45
07/01/1999;Treasury Bills;SE 12M;3.39
08/01/1999;Treasury Bills;SE 12M;3.36
11/01/1999;Treasury Bills;SE 12M;3.36
12/01/1999;Treasury Bills;SE 12M;3.38
13/01/1999;Treasury Bills;SE 12M;3.34
14/01/1999;Treasury Bills;SE 12M;3.34
15/01/1999;Treasury Bills;SE 12M;3.28
18/01/1999;Treasury Bills;SE 12M;3.25
19/01/1999;Treasury Bills;SE 12M;3.255
20/01/1999;Treasury Bills;SE 12M;3.27
21/01/1999;Treasury Bills;SE 12M;3.23
22/01/1999;Treasury Bills;SE 12M;3.22
25/01/1999;Treasury Bills;SE 12M;3.21
26/01/1999;Treasury Bills;SE 12M;3.21
27/01/1999;Treasury Bills;SE 12M;3.19
28/01/1999;Treasury Bills;SE 12M;3.20
29/01/1999;Treasury Bills;SE 12M;3.21
01/02/1999;Treasury Bills;SE 12M;3.22
02/02/1999;Treasury Bills;SE 12M;3.24
03/02/1999;Treasury Bills;SE 12M;3.26
04/02/1999;Treasury Bills;SE 12M;3.27
05/02/1999;Treasury Bills;SE 12M;3.27
08/02/1999;Treasury Bills;SE 12M;3.28
09/02/1999;Treasury Bills;SE 12M;3.25
10/02/1999;Treasury Bills;SE 12M;3.24
11/02/1999;Treasury Bills;SE 12M;3.24
12/02/1999;Treasury Bills;SE 12M;3.20
15/02/1999;Treasury Bills;SE 12M;3.19
16/02/1999;Treasury Bills;SE 12M;3.18
17/02/1999;Treasury Bills;SE 12M;3.18
18/02/1999;Treasury Bills;SE 12M;3.18
19/02/1999;Treasury Bills;SE 12M;3.17
22/02/1999;Treasury Bills;SE 12M;3.16
23/02/1999;Treasury Bills;SE 12M;3.17
24/02/1999;Treasury Bills;SE 12M;3.19
25/02/1999;Treasury Bills;SE 12M;3.23
26/02/1999;Treasury Bills;SE 12M;3.26
01/03/1999;Treasury Bills;SE 12M;3.31
02/03/1999;Treasury Bills;SE 12M;3.315
03/03/1999;Treasury Bills;SE 12M;3.31
04/03/1999;Treasury Bills;SE 12M;3.32
05/03/1999;Treasury Bills;SE 12M;3.26
08/03/1999;Treasury Bills;SE 12M;3.26
09/03/1999;Treasury Bills;SE 12M;3.28
10/03/1999;Treasury Bills;SE 12M;3.29
11/03/1999;Treasury Bills;SE 12M;3.29
12/03/1999;Treasury Bills;SE 12M;3.26
15/03/1999;Treasury Bills;SE 12M;3.28
16/03/1999;Treasury Bills;SE 12M;3.28
17/03/1999;Treasury Bills;SE 12M;3.22
18/03/1999;Treasury Bills;SE 12M;3.17
19/03/1999;Treasury Bills;SE 12M;3.16
22/03/1999;Treasury Bills;SE 12M;3.14
23/03/1999;Treasury Bills;SE 12M;3.15
24/03/1999;Treasury Bills;SE 12M;3.11
25/03/1999;Treasury Bills;SE 12M;3.04
26/03/1999;Treasury Bills;SE 12M;3.04
29/03/1999;Treasury Bills;SE 12M;3.01
30/03/1999;Treasury Bills;SE 12M;3.00
31/03/1999;Treasury Bills;SE 12M;2.99
01/04/1999;Treasury Bills;SE 12M;2.99
06/04/1999;Treasury Bills;SE 12M;2.99
07/04/1999;Treasury Bills;SE 12M;2.97
08/04/1999;Treasury Bills;SE 12M;2.98
09/04/1999;Treasury Bills;SE 12M;2.875
12/04/1999;Treasury Bills;SE 12M;2.94
13/04/1999;Treasury Bills;SE 12M;2.94
14/04/1999;Treasury Bills;SE 12M;2.95
15/04/1999;Treasury Bills;SE 12M;2.96
16/04/1999;Treasury Bills;SE 12M;2.97
19/04/1999;Treasury Bills;SE 12M;2.96
20/04/1999;Treasury Bills;SE 12M;2.94
21/04/1999;Treasury Bills;SE 12M;2.93
22/04/1999;Treasury Bills;SE 12M;2.94
23/04/1999;Treasury Bills;SE 12M;2.98
26/04/1999;Treasury Bills;SE 12M;2.99
27/04/1999;Treasury Bills;SE 12M;2.98
28/04/1999;Treasury Bills;SE 12M;2.98
29/04/1999;Treasury Bills;SE 12M;2.97
30/04/1999;Treasury Bills;SE 12M;2.92
03/05/1999;Treasury Bills;SE 12M;2.94
04/05/1999;Treasury Bills;SE 12M;2.94
05/05/1999;Treasury Bills;SE 12M;2.98
06/05/1999;Treasury Bills;SE 12M;3.06
07/05/1999;Treasury Bills;SE 12M;3.05
10/05/1999;Treasury Bills;SE 12M;3.07
11/05/1999;Treasury Bills;SE 12M;3.02
12/05/1999;Treasury Bills;SE 12M;3.02
14/05/1999;Treasury Bills;SE 12M;3.03
17/05/1999;Treasury Bills;SE 12M;3.05
18/05/1999;Treasury Bills;SE 12M;3.04
19/05/1999;Treasury Bills;SE 12M;3.08
20/05/1999;Treasury Bills;SE 12M;3.13
21/05/1999;Treasury Bills;SE 12M;3.13
25/05/1999;Treasury Bills;SE 12M;3.14
26/05/1999;Treasury Bills;SE 12M;3.10
27/05/1999;Treasury Bills;SE 12M;3.13
28/05/1999;Treasury Bills;SE 12M;n/a
31/05/1999;Treasury Bills;SE 12M;n/a
01/06/1999;Treasury Bills;SE 12M;3.35
02/06/1999;Treasury Bills;SE 12M;3.39
03/06/1999;Treasury Bills;SE 12M;3.34
04/06/1999;Treasury Bills;SE 12M;3.365
07/06/1999;Treasury Bills;SE 12M;3.37
08/06/1999;Treasury Bills;SE 12M;3.34
09/06/1999;Treasury Bills;SE 12M;3.32
10/06/1999;Treasury Bills;SE 12M;3.36
11/06/1999;Treasury Bills;SE 12M;3.38
14/06/1999;Treasury Bills;SE 12M;3.38
15/06/1999;Treasury Bills;SE 12M;3.36
16/06/1999;Treasury Bills;SE 12M;3.36
17/06/1999;Treasury Bills;SE 12M;3.33
18/06/1999;Treasury Bills;SE 12M;3.32
21/06/1999;Treasury Bills;SE 12M;3.33
22/06/1999;Treasury Bills;SE 12M;3.38
23/06/1999;Treasury Bills;SE 12M;3.41
24/06/1999;Treasury Bills;SE 12M;3.40
28/06/1999;Treasury Bills;SE 12M;3.45
29/06/1999;Treasury Bills;SE 12M;n/a
30/06/1999;Treasury Bills;SE 12M;n/a
01/07/1999;Treasury Bills;SE 12M;3.47
02/07/1999;Treasury Bills;SE 12M;3.50
05/07/1999;Treasury Bills;SE 12M;3.51
06/07/1999;Treasury Bills;SE 12M;3.60
07/07/1999;Treasury Bills;SE 12M;3.67
08/07/1999;Treasury Bills;SE 12M;3.78
09/07/1999;Treasury Bills;SE 12M;3.655
12/07/1999;Treasury Bills;SE 12M;3.57
13/07/1999;Treasury Bills;SE 12M;3.55
14/07/1999;Treasury Bills;SE 12M;3.59
15/07/1999;Treasury Bills;SE 12M;3.59
16/07/1999;Treasury Bills;SE 12M;3.625
19/07/1999;Treasury Bills;SE 12M;3.62
20/07/1999;Treasury Bills;SE 12M;3.58
21/07/1999;Treasury Bills;SE 12M;3.53
22/07/1999;Treasury Bills;SE 12M;3.52
23/07/1999;Treasury Bills;SE 12M;3.585
26/07/1999;Treasury Bills;SE 12M;3.59
27/07/1999;Treasury Bills;SE 12M;3.60
28/07/1999;Treasury Bills;SE 12M;3.59
29/07/1999;Treasury Bills;SE 12M;3.60
30/07/1999;Treasury Bills;SE 12M;3.61
02/08/1999;Treasury Bills;SE 12M;3.665
03/08/1999;Treasury Bills;SE 12M;3.64
04/08/1999;Treasury Bills;SE 12M;3.66
05/08/1999;Treasury Bills;SE 12M;3.66
06/08/1999;Treasury Bills;SE 12M;3.70
09/08/1999;Treasury Bills;SE 12M;3.77
10/08/1999;Treasury Bills;SE 12M;3.76
11/08/1999;Treasury Bills;SE 12M;3.67
12/08/1999;Treasury Bills;SE 12M;3.55
13/08/1999;Treasury Bills;SE 12M;3.55
16/08/1999;Treasury Bills;SE 12M;3.57
17/08/1999;Treasury Bills;SE 12M;3.545
18/08/1999;Treasury Bills;SE 12M;3.52
19/08/1999;Treasury Bills;SE 12M;3.52
20/08/1999;Treasury Bills;SE 12M;3.48
23/08/1999;Treasury Bills;SE 12M;3.45
24/08/1999;Treasury Bills;SE 12M;3.48
25/08/1999;Treasury Bills;SE 12M;3.44
26/08/1999;Treasury Bills;SE 12M;3.50
27/08/1999;Treasury Bills;SE 12M;3.53
30/08/1999;Treasury Bills;SE 12M;n/a
31/08/1999;Treasury Bills;SE 12M;n/a
01/09/1999;Treasury Bills;SE 12M;3.91
02/09/1999;Treasury Bills;SE 12M;3.87
03/09/1999;Treasury Bills;SE 12M;3.83
06/09/1999;Treasury Bills;SE 12M;3.79
07/09/1999;Treasury Bills;SE 12M;3.82
08/09/1999;Treasury Bills;SE 12M;3.93
09/09/1999;Treasury Bills;SE 12M;3.95
10/09/1999;Treasury Bills;SE 12M;3.91
13/09/1999;Treasury Bills;SE 12M;3.90
14/09/1999;Treasury Bills;SE 12M;3.91
15/09/1999;Treasury Bills;SE 12M;3.91
16/09/1999;Treasury Bills;SE 12M;3.88
17/09/1999;Treasury Bills;SE 12M;3.85
20/09/1999;Treasury Bills;SE 12M;3.86
21/09/1999;Treasury Bills;SE 12M;3.97
22/09/1999;Treasury Bills;SE 12M;4.00
23/09/1999;Treasury Bills;SE 12M;3.98
24/09/1999;Treasury Bills;SE 12M;3.935
27/09/1999;Treasury Bills;SE 12M;3.97
28/09/1999;Treasury Bills;SE 12M;3.95
29/09/1999;Treasury Bills;SE 12M;3.98
30/09/1999;Treasury Bills;SE 12M;3.98
01/10/1999;Treasury Bills;SE 12M;4.09
04/10/1999;Treasury Bills;SE 12M;4.15
05/10/1999;Treasury Bills;SE 12M;4.13
06/10/1999;Treasury Bills;SE 12M;4.05
07/10/1999;Treasury Bills;SE 12M;4.00
08/10/1999;Treasury Bills;SE 12M;4.00
11/10/1999;Treasury Bills;SE 12M;4.01
12/10/1999;Treasury Bills;SE 12M;4.07
13/10/1999;Treasury Bills;SE 12M;4.06
14/10/1999;Treasury Bills;SE 12M;4.15
15/10/1999;Treasury Bills;SE 12M;4.11
18/10/1999;Treasury Bills;SE 12M;4.08
19/10/1999;Treasury Bills;SE 12M;4.11
20/10/1999;Treasury Bills;SE 12M;4.15
21/10/1999;Treasury Bills;SE 12M;4.09
22/10/1999;Treasury Bills;SE 12M;4.05
25/10/1999;Treasury Bills;SE 12M;4.08
26/10/1999;Treasury Bills;SE 12M;4.10
27/10/1999;Treasury Bills;SE 12M;4.045
28/10/1999;Treasury Bills;SE 12M;4.00
29/10/1999;Treasury Bills;SE 12M;3.99
01/11/1999;Treasury Bills;SE 12M;4.00
02/11/1999;Treasury Bills;SE 12M;4.02
03/11/1999;Treasury Bills;SE 12M;4.02
04/11/1999;Treasury Bills;SE 12M;3.99
05/11/1999;Treasury Bills;SE 12M;3.96
08/11/1999;Treasury Bills;SE 12M;3.94
09/11/1999;Treasury Bills;SE 12M;3.92
10/11/1999;Treasury Bills;SE 12M;3.925
11/11/1999;Treasury Bills;SE 12M;3.86
12/11/1999;Treasury Bills;SE 12M;3.86
15/11/1999;Treasury Bills;SE 12M;3.86
16/11/1999;Treasury Bills;SE 12M;3.90
17/11/1999;Treasury Bills;SE 12M;3.97
18/11/1999;Treasury Bills;SE 12M;4.02
19/11/1999;Treasury Bills;SE 12M;4.01
22/11/1999;Treasury Bills;SE 12M;4.02
23/11/1999;Treasury Bills;SE 12M;4.00
24/11/1999;Treasury Bills;SE 12M;4.00
25/11/1999;Treasury Bills;SE 12M;3.99
26/11/1999;Treasury Bills;SE 12M;4.01
29/11/1999;Treasury Bills;SE 12M;n/a
30/11/1999;Treasury Bills;SE 12M;n/a
01/12/1999;Treasury Bills;SE 12M;4.17
02/12/1999;Treasury Bills;SE 12M;4.20
03/12/1999;Treasury Bills;SE 12M;4.21
06/12/1999;Treasury Bills;SE 12M;4.20
07/12/1999;Treasury Bills;SE 12M;4.20
08/12/1999;Treasury Bills;SE 12M;4.21
09/12/1999;Treasury Bills;SE 12M;4.21
10/12/1999;Treasury Bills;SE 12M;4.20
13/12/1999;Treasury Bills;SE 12M;4.21
14/12/1999;Treasury Bills;SE 12M;4.20
15/12/1999;Treasury Bills;SE 12M;4.23
16/12/1999;Treasury Bills;SE 12M;4.25
17/12/1999;Treasury Bills;SE 12M;4.29
20/12/1999;Treasury Bills;SE 12M;4.29
21/12/1999;Treasury Bills;SE 12M;4.31
22/12/1999;Treasury Bills;SE 12M;4.31
23/12/1999;Treasury Bills;SE 12M;4.31
27/12/1999;Treasury Bills;SE 12M;4.31
28/12/1999;Treasury Bills;SE 12M;4.30
29/12/1999;Treasury Bills;SE 12M;4.28
30/12/1999;Treasury Bills;SE 12M;4.295
03/01/2000;Treasury Bills;SE 12M;4.35
04/01/2000;Treasury Bills;SE 12M;4.38
05/01/2000;Treasury Bills;SE 12M;4.37
07/01/2000;Treasury Bills;SE 12M;4.33
10/01/2000;Treasury Bills;SE 12M;4.29
11/01/2000;Treasury Bills;SE 12M;4.32
12/01/2000;Treasury Bills;SE 12M;4.31
13/01/2000;Treasury Bills;SE 12M;4.27
14/01/2000;Treasury Bills;SE 12M;4.25
17/01/2000;Treasury Bills;SE 12M;4.26
18/01/2000;Treasury Bills;SE 12M;4.33
19/01/2000;Treasury Bills;SE 12M;4.32
20/01/2000;Treasury Bills;SE 12M;4.325
21/01/2000;Treasury Bills;SE 12M;4.35
24/01/2000;Treasury Bills;SE 12M;4.33
25/01/2000;Treasury Bills;SE 12M;4.35
26/01/2000;Treasury Bills;SE 12M;4.37
27/01/2000;Treasury Bills;SE 12M;4.42
28/01/2000;Treasury Bills;SE 12M;4.415
31/01/2000;Treasury Bills;SE 12M;4.41
01/02/2000;Treasury Bills;SE 12M;4.39
02/02/2000;Treasury Bills;SE 12M;4.385
03/02/2000;Treasury Bills;SE 12M;4.405
04/02/2000;Treasury Bills;SE 12M;4.51
07/02/2000;Treasury Bills;SE 12M;4.56
08/02/2000;Treasury Bills;SE 12M;4.55
09/02/2000;Treasury Bills;SE 12M;4.56
10/02/2000;Treasury Bills;SE 12M;4.63
11/02/2000;Treasury Bills;SE 12M;4.62
14/02/2000;Treasury Bills;SE 12M;4.59
15/02/2000;Treasury Bills;SE 12M;4.64
16/02/2000;Treasury Bills;SE 12M;4.65
17/02/2000;Treasury Bills;SE 12M;4.71
18/02/2000;Treasury Bills;SE 12M;4.78
21/02/2000;Treasury Bills;SE 12M;4.76
22/02/2000;Treasury Bills;SE 12M;4.70
23/02/2000;Treasury Bills;SE 12M;4.70
24/02/2000;Treasury Bills;SE 12M;4.65
25/02/2000;Treasury Bills;SE 12M;4.64
28/02/2000;Treasury Bills;SE 12M;4.665
29/02/2000;Treasury Bills;SE 12M;4.66
01/03/2000;Treasury Bills;SE 12M;4.66
02/03/2000;Treasury Bills;SE 12M;4.90
03/03/2000;Treasury Bills;SE 12M;4.90
06/03/2000;Treasury Bills;SE 12M;4.93
07/03/2000;Treasury Bills;SE 12M;4.94
08/03/2000;Treasury Bills;SE 12M;4.89
09/03/2000;Treasury Bills;SE 12M;4.80
10/03/2000;Treasury Bills;SE 12M;4.76
13/03/2000;Treasury Bills;SE 12M;4.73
14/03/2000;Treasury Bills;SE 12M;4.77
15/03/2000;Treasury Bills;SE 12M;4.79
16/03/2000;Treasury Bills;SE 12M;4.79
17/03/2000;Treasury Bills;SE 12M;4.65
20/03/2000;Treasury Bills;SE 12M;4.665
21/03/2000;Treasury Bills;SE 12M;4.65
22/03/2000;Treasury Bills;SE 12M;4.64
23/03/2000;Treasury Bills;SE 12M;4.56
24/03/2000;Treasury Bills;SE 12M;4.61
27/03/2000;Treasury Bills;SE 12M;4.65
28/03/2000;Treasury Bills;SE 12M;4.60
29/03/2000;Treasury Bills;SE 12M;4.56
30/03/2000;Treasury Bills;SE 12M;4.58
31/03/2000;Treasury Bills;SE 12M;4.59
03/04/2000;Treasury Bills;SE 12M;4.59
04/04/2000;Treasury Bills;SE 12M;4.61
05/04/2000;Treasury Bills;SE 12M;4.53
06/04/2000;Treasury Bills;SE 12M;4.55
07/04/2000;Treasury Bills;SE 12M;4.55
10/04/2000;Treasury Bills;SE 12M;4.55
11/04/2000;Treasury Bills;SE 12M;4.52
12/04/2000;Treasury Bills;SE 12M;4.53
13/04/2000;Treasury Bills;SE 12M;4.51
14/04/2000;Treasury Bills;SE 12M;4.51
17/04/2000;Treasury Bills;SE 12M;4.48
18/04/2000;Treasury Bills;SE 12M;4.49
19/04/2000;Treasury Bills;SE 12M;4.49
20/04/2000;Treasury Bills;SE 12M;4.51
25/04/2000;Treasury Bills;SE 12M;4.52
26/04/2000;Treasury Bills;SE 12M;4.52
27/04/2000;Treasury Bills;SE 12M;4.52
28/04/2000;Treasury Bills;SE 12M;4.52
02/05/2000;Treasury Bills;SE 12M;4.53
03/05/2000;Treasury Bills;SE 12M;4.54
04/05/2000;Treasury Bills;SE 12M;4.57
05/05/2000;Treasury Bills;SE 12M;4.55
08/05/2000;Treasury Bills;SE 12M;4.53
09/05/2000;Treasury Bills;SE 12M;4.50
10/05/2000;Treasury Bills;SE 12M;4.49
11/05/2000;Treasury Bills;SE 12M;4.43
12/05/2000;Treasury Bills;SE 12M;4.41
15/05/2000;Treasury Bills;SE 12M;4.31
16/05/2000;Treasury Bills;SE 12M;4.33
17/05/2000;Treasury Bills;SE 12M;4.38
18/05/2000;Treasury Bills;SE 12M;4.42
19/05/2000;Treasury Bills;SE 12M;4.39
22/05/2000;Treasury Bills;SE 12M;4.34
23/05/2000;Treasury Bills;SE 12M;4.35
24/05/2000;Treasury Bills;SE 12M;4.32
25/05/2000;Treasury Bills;SE 12M;4.29
26/05/2000;Treasury Bills;SE 12M;4.28
29/05/2000;Treasury Bills;SE 12M;4.28
30/05/2000;Treasury Bills;SE 12M;4.55
31/05/2000;Treasury Bills;SE 12M;4.59
02/06/2000;Treasury Bills;SE 12M;4.52
05/06/2000;Treasury Bills;SE 12M;4.53
06/06/2000;Treasury Bills;SE 12M;4.55
07/06/2000;Treasury Bills;SE 12M;4.54
08/06/2000;Treasury Bills;SE 12M;4.55
09/06/2000;Treasury Bills;SE 12M;4.55
13/06/2000;Treasury Bills;SE 12M;4.52
14/06/2000;Treasury Bills;SE 12M;4.56
15/06/2000;Treasury Bills;SE 12M;4.59
16/06/2000;Treasury Bills;SE 12M;4.57
19/06/2000;Treasury Bills;SE 12M;4.56
20/06/2000;Treasury Bills;SE 12M;4.58
21/06/2000;Treasury Bills;SE 12M;4.59
22/06/2000;Treasury Bills;SE 12M;4.58
26/06/2000;Treasury Bills;SE 12M;4.57
27/06/2000;Treasury Bills;SE 12M;4.60
28/06/2000;Treasury Bills;SE 12M;4.64
29/06/2000;Treasury Bills;SE 12M;4.68
30/06/2000;Treasury Bills;SE 12M;4.68
03/07/2000;Treasury Bills;SE 12M;4.68
04/07/2000;Treasury Bills;SE 12M;4.68
05/07/2000;Treasury Bills;SE 12M;4.67
06/07/2000;Treasury Bills;SE 12M;4.68
07/07/2000;Treasury Bills;SE 12M;4.68
10/07/2000;Treasury Bills;SE 12M;4.71
11/07/2000;Treasury Bills;SE 12M;4.66
12/07/2000;Treasury Bills;SE 12M;4.67
13/07/2000;Treasury Bills;SE 12M;4.66
14/07/2000;Treasury Bills;SE 12M;4.66
17/07/2000;Treasury Bills;SE 12M;4.645
18/07/2000;Treasury Bills;SE 12M;4.63
19/07/2000;Treasury Bills;SE 12M;4.69
20/07/2000;Treasury Bills;SE 12M;4.68
21/07/2000;Treasury Bills;SE 12M;4.66
24/07/2000;Treasury Bills;SE 12M;4.66
25/07/2000;Treasury Bills;SE 12M;4.66
26/07/2000;Treasury Bills;SE 12M;4.63
27/07/2000;Treasury Bills;SE 12M;4.63
28/07/2000;Treasury Bills;SE 12M;4.63
31/07/2000;Treasury Bills;SE 12M;4.63
01/08/2000;Treasury Bills;SE 12M;4.61
02/08/2000;Treasury Bills;SE 12M;4.61
03/08/2000;Treasury Bills;SE 12M;4.61
04/08/2000;Treasury Bills;SE 12M;4.60
07/08/2000;Treasury Bills;SE 12M;4.55
08/08/2000;Treasury Bills;SE 12M;4.54
09/08/2000;Treasury Bills;SE 12M;4.54
10/08/2000;Treasury Bills;SE 12M;4.51
11/08/2000;Treasury Bills;SE 12M;4.54
14/08/2000;Treasury Bills;SE 12M;4.53
15/08/2000;Treasury Bills;SE 12M;4.475
16/08/2000;Treasury Bills;SE 12M;4.50
17/08/2000;Treasury Bills;SE 12M;4.46
18/08/2000;Treasury Bills;SE 12M;4.44
21/08/2000;Treasury Bills;SE 12M;4.46
22/08/2000;Treasury Bills;SE 12M;4.48
23/08/2000;Treasury Bills;SE 12M;4.44
24/08/2000;Treasury Bills;SE 12M;4.43
25/08/2000;Treasury Bills;SE 12M;4.43
28/08/2000;Treasury Bills;SE 12M;4.41
29/08/2000;Treasury Bills;SE 12M;4.39
30/08/2000;Treasury Bills;SE 12M;4.58
31/08/2000;Treasury Bills;SE 12M;4.59
01/09/2000;Treasury Bills;SE 12M;4.54
04/09/2000;Treasury Bills;SE 12M;4.50
05/09/2000;Treasury Bills;SE 12M;4.53
06/09/2000;Treasury Bills;SE 12M;4.57
07/09/2000;Treasury Bills;SE 12M;4.55
08/09/2000;Treasury Bills;SE 12M;4.53
11/09/2000;Treasury Bills;SE 12M;4.51
12/09/2000;Treasury Bills;SE 12M;4.50
13/09/2000;Treasury Bills;SE 12M;4.47
14/09/2000;Treasury Bills;SE 12M;4.51
15/09/2000;Treasury Bills;SE 12M;4.50
18/09/2000;Treasury Bills;SE 12M;4.52
19/09/2000;Treasury Bills;SE 12M;4.50
20/09/2000;Treasury Bills;SE 12M;4.52
21/09/2000;Treasury Bills;SE 12M;4.51
22/09/2000;Treasury Bills;SE 12M;4.47
25/09/2000;Treasury Bills;SE 12M;4.50
26/09/2000;Treasury Bills;SE 12M;4.51
27/09/2000;Treasury Bills;SE 12M;4.51
28/09/2000;Treasury Bills;SE 12M;4.55
29/09/2000;Treasury Bills;SE 12M;4.53
02/10/2000;Treasury Bills;SE 12M;4.53
03/10/2000;Treasury Bills;SE 12M;4.51
04/10/2000;Treasury Bills;SE 12M;4.52
05/10/2000;Treasury Bills;SE 12M;4.56
06/10/2000;Treasury Bills;SE 12M;4.55
09/10/2000;Treasury Bills;SE 12M;4.55
10/10/2000;Treasury Bills;SE 12M;4.46
11/10/2000;Treasury Bills;SE 12M;4.44
12/10/2000;Treasury Bills;SE 12M;4.36
13/10/2000;Treasury Bills;SE 12M;4.34
16/10/2000;Treasury Bills;SE 12M;4.37
17/10/2000;Treasury Bills;SE 12M;4.38
18/10/2000;Treasury Bills;SE 12M;4.33
19/10/2000;Treasury Bills;SE 12M;4.36
20/10/2000;Treasury Bills;SE 12M;4.34
23/10/2000;Treasury Bills;SE 12M;4.34
24/10/2000;Treasury Bills;SE 12M;4.32
25/10/2000;Treasury Bills;SE 12M;4.305
26/10/2000;Treasury Bills;SE 12M;4.27
27/10/2000;Treasury Bills;SE 12M;4.29
30/10/2000;Treasury Bills;SE 12M;4.30
31/10/2000;Treasury Bills;SE 12M;4.30
01/11/2000;Treasury Bills;SE 12M;4.27
02/11/2000;Treasury Bills;SE 12M;4.26
03/11/2000;Treasury Bills;SE 12M;4.23
06/11/2000;Treasury Bills;SE 12M;4.26
07/11/2000;Treasury Bills;SE 12M;4.23
08/11/2000;Treasury Bills;SE 12M;4.30
09/11/2000;Treasury Bills;SE 12M;4.32
10/11/2000;Treasury Bills;SE 12M;4.27
13/11/2000;Treasury Bills;SE 12M;4.25
14/11/2000;Treasury Bills;SE 12M;4.29
15/11/2000;Treasury Bills;SE 12M;4.29
16/11/2000;Treasury Bills;SE 12M;4.28
17/11/2000;Treasury Bills;SE 12M;4.27
20/11/2000;Treasury Bills;SE 12M;4.30
21/11/2000;Treasury Bills;SE 12M;4.32
22/11/2000;Treasury Bills;SE 12M;4.31
23/11/2000;Treasury Bills;SE 12M;4.29
24/11/2000;Treasury Bills;SE 12M;4.29
27/11/2000;Treasury Bills;SE 12M;4.31
28/11/2000;Treasury Bills;SE 12M;4.36
29/11/2000;Treasury Bills;SE 12M;4.51
30/11/2000;Treasury Bills;SE 12M;4.48
01/12/2000;Treasury Bills;SE 12M;4.46
04/12/2000;Treasury Bills;SE 12M;4.44
05/12/2000;Treasury Bills;SE 12M;4.42
06/12/2000;Treasury Bills;SE 12M;4.37
07/12/2000;Treasury Bills;SE 12M;4.36
08/12/2000;Treasury Bills;SE 12M;4.36
11/12/2000;Treasury Bills;SE 12M;4.37
12/12/2000;Treasury Bills;SE 12M;4.39
13/12/2000;Treasury Bills;SE 12M;4.36
14/12/2000;Treasury Bills;SE 12M;4.38
15/12/2000;Treasury Bills;SE 12M;4.36
18/12/2000;Treasury Bills;SE 12M;4.37
19/12/2000;Treasury Bills;SE 12M;4.37
20/12/2000;Treasury Bills;SE 12M;4.33
21/12/2000;Treasury Bills;SE 12M;4.32
22/12/2000;Treasury Bills;SE 12M;4.33
27/12/2000;Treasury Bills;SE 12M;4.33
28/12/2000;Treasury Bills;SE 12M;4.33
29/12/2000;Treasury Bills;SE 12M;4.31
02/01/2001;Treasury Bills;SE 12M;4.26
03/01/2001;Treasury Bills;SE 12M;4.22
04/01/2001;Treasury Bills;SE 12M;4.18
05/01/2001;Treasury Bills;SE 12M;4.15
08/01/2001;Treasury Bills;SE 12M;4.15
09/01/2001;Treasury Bills;SE 12M;4.19
10/01/2001;Treasury Bills;SE 12M;4.21
11/01/2001;Treasury Bills;SE 12M;4.19
12/01/2001;Treasury Bills;SE 12M;4.21
15/01/2001;Treasury Bills;SE 12M;4.21
16/01/2001;Treasury Bills;SE 12M;4.18
17/01/2001;Treasury Bills;SE 12M;4.20
18/01/2001;Treasury Bills;SE 12M;4.19
19/01/2001;Treasury Bills;SE 12M;4.17
22/01/2001;Treasury Bills;SE 12M;4.17
23/01/2001;Treasury Bills;SE 12M;4.17
24/01/2001;Treasury Bills;SE 12M;4.20
25/01/2001;Treasury Bills;SE 12M;4.17
26/01/2001;Treasury Bills;SE 12M;4.15
29/01/2001;Treasury Bills;SE 12M;4.12
30/01/2001;Treasury Bills;SE 12M;4.10
31/01/2001;Treasury Bills;SE 12M;4.08
01/02/2001;Treasury Bills;SE 12M;4.06
02/02/2001;Treasury Bills;SE 12M;4.07
05/02/2001;Treasury Bills;SE 12M;4.05
06/02/2001;Treasury Bills;SE 12M;4.06
07/02/2001;Treasury Bills;SE 12M;4.05
08/02/2001;Treasury Bills;SE 12M;4.08
09/02/2001;Treasury Bills;SE 12M;4.08
12/02/2001;Treasury Bills;SE 12M;4.07
13/02/2001;Treasury Bills;SE 12M;4.07
14/02/2001;Treasury Bills;SE 12M;4.09
15/02/2001;Treasury Bills;SE 12M;4.11
16/02/2001;Treasury Bills;SE 12M;4.10
19/02/2001;Treasury Bills;SE 12M;4.09
20/02/2001;Treasury Bills;SE 12M;4.11
21/02/2001;Treasury Bills;SE 12M;4.105
22/02/2001;Treasury Bills;SE 12M;4.10
23/02/2001;Treasury Bills;SE 12M;4.10
26/02/2001;Treasury Bills;SE 12M;4.095
27/02/2001;Treasury Bills;SE 12M;4.10
28/02/2001;Treasury Bills;SE 12M;4.11
01/03/2001;Treasury Bills;SE 12M;4.10
02/03/2001;Treasury Bills;SE 12M;4.09
05/03/2001;Treasury Bills;SE 12M;4.11
06/03/2001;Treasury Bills;SE 12M;4.12
07/03/2001;Treasury Bills;SE 12M;4.11
08/03/2001;Treasury Bills;SE 12M;4.085
09/03/2001;Treasury Bills;SE 12M;4.07
12/03/2001;Treasury Bills;SE 12M;4.04
13/03/2001;Treasury Bills;SE 12M;4.03
14/03/2001;Treasury Bills;SE 12M;4.01
15/03/2001;Treasury Bills;SE 12M;4.00
16/03/2001;Treasury Bills;SE 12M;3.98
19/03/2001;Treasury Bills;SE 12M;3.98
20/03/2001;Treasury Bills;SE 12M;3.98
21/03/2001;Treasury Bills;SE 12M;3.92
22/03/2001;Treasury Bills;SE 12M;3.88
23/03/2001;Treasury Bills;SE 12M;3.89
26/03/2001;Treasury Bills;SE 12M;3.90
27/03/2001;Treasury Bills;SE 12M;3.90
28/03/2001;Treasury Bills;SE 12M;3.95
29/03/2001;Treasury Bills;SE 12M;3.93
30/03/2001;Treasury Bills;SE 12M;3.94
02/04/2001;Treasury Bills;SE 12M;3.86
03/04/2001;Treasury Bills;SE 12M;3.85
04/04/2001;Treasury Bills;SE 12M;3.84
05/04/2001;Treasury Bills;SE 12M;3.87
06/04/2001;Treasury Bills;SE 12M;3.84
09/04/2001;Treasury Bills;SE 12M;3.83
10/04/2001;Treasury Bills;SE 12M;3.84
11/04/2001;Treasury Bills;SE 12M;3.97
12/04/2001;Treasury Bills;SE 12M;4.00
17/04/2001;Treasury Bills;SE 12M;4.00
18/04/2001;Treasury Bills;SE 12M;4.12
19/04/2001;Treasury Bills;SE 12M;4.11
20/04/2001;Treasury Bills;SE 12M;4.12
23/04/2001;Treasury Bills;SE 12M;4.10
24/04/2001;Treasury Bills;SE 12M;4.125
25/04/2001;Treasury Bills;SE 12M;4.10
26/04/2001;Treasury Bills;SE 12M;4.08
27/04/2001;Treasury Bills;SE 12M;4.11
30/04/2001;Treasury Bills;SE 12M;4.175
02/05/2001;Treasury Bills;SE 12M;4.17
03/05/2001;Treasury Bills;SE 12M;4.11
04/05/2001;Treasury Bills;SE 12M;4.08
07/05/2001;Treasury Bills;SE 12M;4.09
08/05/2001;Treasury Bills;SE 12M;4.10
09/05/2001;Treasury Bills;SE 12M;4.08
10/05/2001;Treasury Bills;SE 12M;4.01
11/05/2001;Treasury Bills;SE 12M;4.02
14/05/2001;Treasury Bills;SE 12M;4.07
15/05/2001;Treasury Bills;SE 12M;4.21
16/05/2001;Treasury Bills;SE 12M;4.20
17/05/2001;Treasury Bills;SE 12M;4.26
18/05/2001;Treasury Bills;SE 12M;4.20
21/05/2001;Treasury Bills;SE 12M;4.22
22/05/2001;Treasury Bills;SE 12M;4.24
23/05/2001;Treasury Bills;SE 12M;4.24
25/05/2001;Treasury Bills;SE 12M;4.22
28/05/2001;Treasury Bills;SE 12M;4.19
29/05/2001;Treasury Bills;SE 12M;4.18
30/05/2001;Treasury Bills;SE 12M;4.27
31/05/2001;Treasury Bills;SE 12M;4.29
01/06/2001;Treasury Bills;SE 12M;4.24
05/06/2001;Treasury Bills;SE 12M;4.23
06/06/2001;Treasury Bills;SE 12M;4.26
07/06/2001;Treasury Bills;SE 12M;4.28
08/06/2001;Treasury Bills;SE 12M;4.39
11/06/2001;Treasury Bills;SE 12M;4.41
12/06/2001;Treasury Bills;SE 12M;4.45
13/06/2001;Treasury Bills;SE 12M;4.41
14/06/2001;Treasury Bills;SE 12M;4.46
15/06/2001;Treasury Bills;SE 12M;4.59
18/06/2001;Treasury Bills;SE 12M;4.64
19/06/2001;Treasury Bills;SE 12M;4.66
20/06/2001;Treasury Bills;SE 12M;4.68
21/06/2001;Treasury Bills;SE 12M;4.63
25/06/2001;Treasury Bills;SE 12M;4.57
26/06/2001;Treasury Bills;SE 12M;4.62
27/06/2001;Treasury Bills;SE 12M;4.66
28/06/2001;Treasury Bills;SE 12M;4.58
29/06/2001;Treasury Bills;SE 12M;4.64
02/07/2001;Treasury Bills;SE 12M;4.62
03/07/2001;Treasury Bills;SE 12M;4.64
04/07/2001;Treasury Bills;SE 12M;4.64
05/07/2001;Treasury Bills;SE 12M;4.63
06/07/2001;Treasury Bills;SE 12M;4.61
09/07/2001;Treasury Bills;SE 12M;4.64
10/07/2001;Treasury Bills;SE 12M;4.63
11/07/2001;Treasury Bills;SE 12M;4.62
12/07/2001;Treasury Bills;SE 12M;4.61
13/07/2001;Treasury Bills;SE 12M;4.61
16/07/2001;Treasury Bills;SE 12M;4.60
17/07/2001;Treasury Bills;SE 12M;4.60
18/07/2001;Treasury Bills;SE 12M;4.59
19/07/2001;Treasury Bills;SE 12M;4.55
20/07/2001;Treasury Bills;SE 12M;4.54
23/07/2001;Treasury Bills;SE 12M;4.54
24/07/2001;Treasury Bills;SE 12M;4.54
25/07/2001;Treasury Bills;SE 12M;4.53
26/07/2001;Treasury Bills;SE 12M;4.47
27/07/2001;Treasury Bills;SE 12M;4.43
30/07/2001;Treasury Bills;SE 12M;4.43
31/07/2001;Treasury Bills;SE 12M;4.42
01/08/2001;Treasury Bills;SE 12M;4.45
02/08/2001;Treasury Bills;SE 12M;4.45
03/08/2001;Treasury Bills;SE 12M;4.42
06/08/2001;Treasury Bills;SE 12M;4.41
07/08/2001;Treasury Bills;SE 12M;4.44
08/08/2001;Treasury Bills;SE 12M;4.44
09/08/2001;Treasury Bills;SE 12M;4.36
10/08/2001;Treasury Bills;SE 12M;4.35
13/08/2001;Treasury Bills;SE 12M;4.35
14/08/2001;Treasury Bills;SE 12M;4.36
15/08/2001;Treasury Bills;SE 12M;4.36
16/08/2001;Treasury Bills;SE 12M;4.35
17/08/2001;Treasury Bills;SE 12M;4.31
20/08/2001;Treasury Bills;SE 12M;4.33
21/08/2001;Treasury Bills;SE 12M;4.36
22/08/2001;Treasury Bills;SE 12M;4.40
23/08/2001;Treasury Bills;SE 12M;4.38
24/08/2001;Treasury Bills;SE 12M;4.42
27/08/2001;Treasury Bills;SE 12M;4.43
28/08/2001;Treasury Bills;SE 12M;4.39
29/08/2001;Treasury Bills;SE 12M;4.37
30/08/2001;Treasury Bills;SE 12M;4.37
31/08/2001;Treasury Bills;SE 12M;4.36
03/09/2001;Treasury Bills;SE 12M;4.36
04/09/2001;Treasury Bills;SE 12M;4.41
05/09/2001;Treasury Bills;SE 12M;4.49
06/09/2001;Treasury Bills;SE 12M;4.41
07/09/2001;Treasury Bills;SE 12M;4.36
10/09/2001;Treasury Bills;SE 12M;4.35
11/09/2001;Treasury Bills;SE 12M;4.29
12/09/2001;Treasury Bills;SE 12M;4.20
13/09/2001;Treasury Bills;SE 12M;4.25
14/09/2001;Treasury Bills;SE 12M;4.18
17/09/2001;Treasury Bills;SE 12M;4.17
18/09/2001;Treasury Bills;SE 12M;3.88
19/09/2001;Treasury Bills;SE 12M;3.89
20/09/2001;Treasury Bills;SE 12M;3.86
21/09/2001;Treasury Bills;SE 12M;3.87
24/09/2001;Treasury Bills;SE 12M;3.91
25/09/2001;Treasury Bills;SE 12M;3.88
26/09/2001;Treasury Bills;SE 12M;3.89
27/09/2001;Treasury Bills;SE 12M;3.87
28/09/2001;Treasury Bills;SE 12M;3.85
01/10/2001;Treasury Bills;SE 12M;3.85
02/10/2001;Treasury Bills;SE 12M;3.82
03/10/2001;Treasury Bills;SE 12M;3.73
04/10/2001;Treasury Bills;SE 12M;3.76
05/10/2001;Treasury Bills;SE 12M;3.78
08/10/2001;Treasury Bills;SE 12M;3.78
09/10/2001;Treasury Bills;SE 12M;3.83
10/10/2001;Treasury Bills;SE 12M;3.85
11/10/2001;Treasury Bills;SE 12M;3.90
12/10/2001;Treasury Bills;SE 12M;3.88
15/10/2001;Treasury Bills;SE 12M;3.85
16/10/2001;Treasury Bills;SE 12M;3.82
17/10/2001;Treasury Bills;SE 12M;3.88
18/10/2001;Treasury Bills;SE 12M;3.86
19/10/2001;Treasury Bills;SE 12M;3.83
22/10/2001;Treasury Bills;SE 12M;3.845
23/10/2001;Treasury Bills;SE 12M;3.84
24/10/2001;Treasury Bills;SE 12M;3.81
25/10/2001;Treasury Bills;SE 12M;3.75
26/10/2001;Treasury Bills;SE 12M;3.76
29/10/2001;Treasury Bills;SE 12M;3.73
30/10/2001;Treasury Bills;SE 12M;3.68
31/10/2001;Treasury Bills;SE 12M;3.69
01/11/2001;Treasury Bills;SE 12M;3.66
02/11/2001;Treasury Bills;SE 12M;3.68
05/11/2001;Treasury Bills;SE 12M;3.66
06/11/2001;Treasury Bills;SE 12M;3.60
07/11/2001;Treasury Bills;SE 12M;3.53
08/11/2001;Treasury Bills;SE 12M;3.55
09/11/2001;Treasury Bills;SE 12M;3.58
12/11/2001;Treasury Bills;SE 12M;3.57
13/11/2001;Treasury Bills;SE 12M;3.62
14/11/2001;Treasury Bills;SE 12M;3.75
15/11/2001;Treasury Bills;SE 12M;3.81
16/11/2001;Treasury Bills;SE 12M;3.80
19/11/2001;Treasury Bills;SE 12M;3.77
20/11/2001;Treasury Bills;SE 12M;3.73
21/11/2001;Treasury Bills;SE 12M;3.83
22/11/2001;Treasury Bills;SE 12M;3.85
23/11/2001;Treasury Bills;SE 12M;3.83
26/11/2001;Treasury Bills;SE 12M;3.83
27/11/2001;Treasury Bills;SE 12M;3.91
28/11/2001;Treasury Bills;SE 12M;3.87
29/11/2001;Treasury Bills;SE 12M;3.93
30/11/2001;Treasury Bills;SE 12M;3.88
03/12/2001;Treasury Bills;SE 12M;3.88
04/12/2001;Treasury Bills;SE 12M;3.86
05/12/2001;Treasury Bills;SE 12M;3.99
06/12/2001;Treasury Bills;SE 12M;4.07
07/12/2001;Treasury Bills;SE 12M;4.05
10/12/2001;Treasury Bills;SE 12M;4.03
11/12/2001;Treasury Bills;SE 12M;4.00
12/12/2001;Treasury Bills;SE 12M;3.91
13/12/2001;Treasury Bills;SE 12M;3.94
14/12/2001;Treasury Bills;SE 12M;3.97
17/12/2001;Treasury Bills;SE 12M;4.03
18/12/2001;Treasury Bills;SE 12M;4.00
19/12/2001;Treasury Bills;SE 12M;3.93
20/12/2001;Treasury Bills;SE 12M;3.935
21/12/2001;Treasury Bills;SE 12M;3.94
27/12/2001;Treasury Bills;SE 12M;3.97
28/12/2001;Treasury Bills;SE 12M;3.95
02/01/2002;Treasury Bills;SE 12M;3.88
03/01/2002;Treasury Bills;SE 12M;3.86
04/01/2002;Treasury Bills;SE 12M;3.91
07/01/2002;Treasury Bills;SE 12M;3.90
08/01/2002;Treasury Bills;SE 12M;3.90
09/01/2002;Treasury Bills;SE 12M;3.94
10/01/2002;Treasury Bills;SE 12M;3.91
11/01/2002;Treasury Bills;SE 12M;3.94
14/01/2002;Treasury Bills;SE 12M;3.90
15/01/2002;Treasury Bills;SE 12M;3.92
16/01/2002;Treasury Bills;SE 12M;3.91
17/01/2002;Treasury Bills;SE 12M;3.91
18/01/2002;Treasury Bills;SE 12M;4.03
21/01/2002;Treasury Bills;SE 12M;4.05
22/01/2002;Treasury Bills;SE 12M;4.12
23/01/2002;Treasury Bills;SE 12M;4.12
24/01/2002;Treasury Bills;SE 12M;4.14
25/01/2002;Treasury Bills;SE 12M;4.17
28/01/2002;Treasury Bills;SE 12M;4.17
29/01/2002;Treasury Bills;SE 12M;4.15
30/01/2002;Treasury Bills;SE 12M;4.12
31/01/2002;Treasury Bills;SE 12M;4.17
01/02/2002;Treasury Bills;SE 12M;4.21
04/02/2002;Treasury Bills;SE 12M;4.16
05/02/2002;Treasury Bills;SE 12M;4.13
06/02/2002;Treasury Bills;SE 12M;4.15
07/02/2002;Treasury Bills;SE 12M;4.19
08/02/2002;Treasury Bills;SE 12M;4.16
11/02/2002;Treasury Bills;SE 12M;4.16
12/02/2002;Treasury Bills;SE 12M;4.15
13/02/2002;Treasury Bills;SE 12M;4.19
14/02/2002;Treasury Bills;SE 12M;4.16
15/02/2002;Treasury Bills;SE 12M;4.15
18/02/2002;Treasury Bills;SE 12M;4.15
19/02/2002;Treasury Bills;SE 12M;4.16
20/02/2002;Treasury Bills;SE 12M;4.17
21/02/2002;Treasury Bills;SE 12M;4.25
22/02/2002;Treasury Bills;SE 12M;4.24
25/02/2002;Treasury Bills;SE 12M;4.32
26/02/2002;Treasury Bills;SE 12M;4.32
27/02/2002;Treasury Bills;SE 12M;4.31
28/02/2002;Treasury Bills;SE 12M;4.34
01/03/2002;Treasury Bills;SE 12M;4.38
04/03/2002;Treasury Bills;SE 12M;4.40
05/03/2002;Treasury Bills;SE 12M;4.43
06/03/2002;Treasury Bills;SE 12M;4.58
07/03/2002;Treasury Bills;SE 12M;4.59
08/03/2002;Treasury Bills;SE 12M;4.59
11/03/2002;Treasury Bills;SE 12M;4.57
12/03/2002;Treasury Bills;SE 12M;4.56
13/03/2002;Treasury Bills;SE 12M;4.58
14/03/2002;Treasury Bills;SE 12M;4.59
15/03/2002;Treasury Bills;SE 12M;4.61
18/03/2002;Treasury Bills;SE 12M;4.61
19/03/2002;Treasury Bills;SE 12M;4.69
20/03/2002;Treasury Bills;SE 12M;4.70
21/03/2002;Treasury Bills;SE 12M;4.75
22/03/2002;Treasury Bills;SE 12M;4.73
25/03/2002;Treasury Bills;SE 12M;4.74
26/03/2002;Treasury Bills;SE 12M;4.72
27/03/2002;Treasury Bills;SE 12M;4.70
28/03/2002;Treasury Bills;SE 12M;4.68
02/04/2002;Treasury Bills;SE 12M;4.73
03/04/2002;Treasury Bills;SE 12M;4.72
04/04/2002;Treasury Bills;SE 12M;4.68
05/04/2002;Treasury Bills;SE 12M;4.67
08/04/2002;Treasury Bills;SE 12M;4.70
09/04/2002;Treasury Bills;SE 12M;4.73
10/04/2002;Treasury Bills;SE 12M;4.71
11/04/2002;Treasury Bills;SE 12M;4.79
12/04/2002;Treasury Bills;SE 12M;4.79
15/04/2002;Treasury Bills;SE 12M;4.77
16/04/2002;Treasury Bills;SE 12M;4.80
17/04/2002;Treasury Bills;SE 12M;4.81
18/04/2002;Treasury Bills;SE 12M;4.76
19/04/2002;Treasury Bills;SE 12M;4.77
22/04/2002;Treasury Bills;SE 12M;4.68
23/04/2002;Treasury Bills;SE 12M;4.67
24/04/2002;Treasury Bills;SE 12M;4.65
25/04/2002;Treasury Bills;SE 12M;4.61
26/04/2002;Treasury Bills;SE 12M;4.66
29/04/2002;Treasury Bills;SE 12M;4.69
30/04/2002;Treasury Bills;SE 12M;4.68
02/05/2002;Treasury Bills;SE 12M;4.73
03/05/2002;Treasury Bills;SE 12M;4.70
06/05/2002;Treasury Bills;SE 12M;4.70
07/05/2002;Treasury Bills;SE 12M;4.695
08/05/2002;Treasury Bills;SE 12M;4.72
10/05/2002;Treasury Bills;SE 12M;4.75
13/05/2002;Treasury Bills;SE 12M;4.73
14/05/2002;Treasury Bills;SE 12M;4.73
15/05/2002;Treasury Bills;SE 12M;4.72
16/05/2002;Treasury Bills;SE 12M;4.71
17/05/2002;Treasury Bills;SE 12M;4.74
21/05/2002;Treasury Bills;SE 12M;4.70
22/05/2002;Treasury Bills;SE 12M;4.673
23/05/2002;Treasury Bills;SE 12M;4.67
24/05/2002;Treasury Bills;SE 12M;4.67
27/05/2002;Treasury Bills;SE 12M;4.662
28/05/2002;Treasury Bills;SE 12M;4.685
29/05/2002;Treasury Bills;SE 12M;4.65
30/05/2002;Treasury Bills;SE 12M;4.775
31/05/2002;Treasury Bills;SE 12M;4.795
03/06/2002;Treasury Bills;SE 12M;4.83
04/06/2002;Treasury Bills;SE 12M;4.79
05/06/2002;Treasury Bills;SE 12M;4.80
06/06/2002;Treasury Bills;SE 12M;4.81
07/06/2002;Treasury Bills;SE 12M;4.77
10/06/2002;Treasury Bills;SE 12M;4.78
11/06/2002;Treasury Bills;SE 12M;4.79
12/06/2002;Treasury Bills;SE 12M;4.735
13/06/2002;Treasury Bills;SE 12M;4.66
14/06/2002;Treasury Bills;SE 12M;4.64
17/06/2002;Treasury Bills;SE 12M;4.65
18/06/2002;Treasury Bills;SE 12M;4.63
19/06/2002;Treasury Bills;SE 12M;4.65
20/06/2002;Treasury Bills;SE 12M;4.67
24/06/2002;Treasury Bills;SE 12M;4.65
25/06/2002;Treasury Bills;SE 12M;4.67
26/06/2002;Treasury Bills;SE 12M;4.61
27/06/2002;Treasury Bills;SE 12M;4.68
28/06/2002;Treasury Bills;SE 12M;4.65
01/07/2002;Treasury Bills;SE 12M;4.65
02/07/2002;Treasury Bills;SE 12M;4.62
03/07/2002;Treasury Bills;SE 12M;4.63
04/07/2002;Treasury Bills;SE 12M;4.63
05/07/2002;Treasury Bills;SE 12M;4.68
08/07/2002;Treasury Bills;SE 12M;4.68
09/07/2002;Treasury Bills;SE 12M;4.66
10/07/2002;Treasury Bills;SE 12M;4.63
11/07/2002;Treasury Bills;SE 12M;4.53
12/07/2002;Treasury Bills;SE 12M;4.52
15/07/2002;Treasury Bills;SE 12M;4.48
16/07/2002;Treasury Bills;SE 12M;4.47
17/07/2002;Treasury Bills;SE 12M;4.54
18/07/2002;Treasury Bills;SE 12M;4.52
19/07/2002;Treasury Bills;SE 12M;4.49
22/07/2002;Treasury Bills;SE 12M;4.47
23/07/2002;Treasury Bills;SE 12M;4.48
24/07/2002;Treasury Bills;SE 12M;4.41
25/07/2002;Treasury Bills;SE 12M;4.41
26/07/2002;Treasury Bills;SE 12M;4.39
29/07/2002;Treasury Bills;SE 12M;4.43
30/07/2002;Treasury Bills;SE 12M;4.43
31/07/2002;Treasury Bills;SE 12M;4.40
01/08/2002;Treasury Bills;SE 12M;4.37
02/08/2002;Treasury Bills;SE 12M;4.35
05/08/2002;Treasury Bills;SE 12M;4.27
06/08/2002;Treasury Bills;SE 12M;4.33
07/08/2002;Treasury Bills;SE 12M;4.31
08/08/2002;Treasury Bills;SE 12M;4.335
09/08/2002;Treasury Bills;SE 12M;4.36
12/08/2002;Treasury Bills;SE 12M;4.37
13/08/2002;Treasury Bills;SE 12M;4.35
14/08/2002;Treasury Bills;SE 12M;4.29
15/08/2002;Treasury Bills;SE 12M;4.39
16/08/2002;Treasury Bills;SE 12M;4.40
19/08/2002;Treasury Bills;SE 12M;4.42
20/08/2002;Treasury Bills;SE 12M;4.39
21/08/2002;Treasury Bills;SE 12M;4.44
22/08/2002;Treasury Bills;SE 12M;4.46
23/08/2002;Treasury Bills;SE 12M;4.43
26/08/2002;Treasury Bills;SE 12M;4.43
27/08/2002;Treasury Bills;SE 12M;4.43
28/08/2002;Treasury Bills;SE 12M;4.40
29/08/2002;Treasury Bills;SE 12M;n/a
30/08/2002;Treasury Bills;SE 12M;n/a
02/09/2002;Treasury Bills;SE 12M;4.38
03/09/2002;Treasury Bills;SE 12M;4.36
04/09/2002;Treasury Bills;SE 12M;4.34
05/09/2002;Treasury Bills;SE 12M;4.31
06/09/2002;Treasury Bills;SE 12M;4.29
09/09/2002;Treasury Bills;SE 12M;4.35
10/09/2002;Treasury Bills;SE 12M;4.38
11/09/2002;Treasury Bills;SE 12M;4.39
12/09/2002;Treasury Bills;SE 12M;4.34
13/09/2002;Treasury Bills;SE 12M;4.31
16/09/2002;Treasury Bills;SE 12M;4.27
17/09/2002;Treasury Bills;SE 12M;4.28
18/09/2002;Treasury Bills;SE 12M;4.26
19/09/2002;Treasury Bills;SE 12M;4.24
20/09/2002;Treasury Bills;SE 12M;4.255
23/09/2002;Treasury Bills;SE 12M;4.21
24/09/2002;Treasury Bills;SE 12M;4.16
25/09/2002;Treasury Bills;SE 12M;4.20
26/09/2002;Treasury Bills;SE 12M;4.20
27/09/2002;Treasury Bills;SE 12M;4.20
30/09/2002;Treasury Bills;SE 12M;4.15
01/10/2002;Treasury Bills;SE 12M;4.11
02/10/2002;Treasury Bills;SE 12M;4.10
03/10/2002;Treasury Bills;SE 12M;4.10
04/10/2002;Treasury Bills;SE 12M;4.10
07/10/2002;Treasury Bills;SE 12M;4.06
08/10/2002;Treasury Bills;SE 12M;4.06
09/10/2002;Treasury Bills;SE 12M;4.00
10/10/2002;Treasury Bills;SE 12M;3.98
11/10/2002;Treasury Bills;SE 12M;4.05
14/10/2002;Treasury Bills;SE 12M;4.06
15/10/2002;Treasury Bills;SE 12M;4.10
16/10/2002;Treasury Bills;SE 12M;4.12
17/10/2002;Treasury Bills;SE 12M;4.08
18/10/2002;Treasury Bills;SE 12M;4.04
21/10/2002;Treasury Bills;SE 12M;4.01
22/10/2002;Treasury Bills;SE 12M;4.12
23/10/2002;Treasury Bills;SE 12M;4.14
24/10/2002;Treasury Bills;SE 12M;4.14
25/10/2002;Treasury Bills;SE 12M;4.14
28/10/2002;Treasury Bills;SE 12M;4.11
29/10/2002;Treasury Bills;SE 12M;n/a
30/10/2002;Treasury Bills;SE 12M;4.06
31/10/2002;Treasury Bills;SE 12M;4.02
01/11/2002;Treasury Bills;SE 12M;4.01
04/11/2002;Treasury Bills;SE 12M;4.06
05/11/2002;Treasury Bills;SE 12M;4.07
06/11/2002;Treasury Bills;SE 12M;4.03
07/11/2002;Treasury Bills;SE 12M;3.99
08/11/2002;Treasury Bills;SE 12M;3.93
11/11/2002;Treasury Bills;SE 12M;3.89
12/11/2002;Treasury Bills;SE 12M;3.88
13/11/2002;Treasury Bills;SE 12M;3.89
14/11/2002;Treasury Bills;SE 12M;3.96
15/11/2002;Treasury Bills;SE 12M;3.91
18/11/2002;Treasury Bills;SE 12M;3.89
19/11/2002;Treasury Bills;SE 12M;3.86
20/11/2002;Treasury Bills;SE 12M;3.86
21/11/2002;Treasury Bills;SE 12M;3.88
22/11/2002;Treasury Bills;SE 12M;3.88
25/11/2002;Treasury Bills;SE 12M;3.92
26/11/2002;Treasury Bills;SE 12M;3.90
27/11/2002;Treasury Bills;SE 12M;3.90
28/11/2002;Treasury Bills;SE 12M;n/a
29/11/2002;Treasury Bills;SE 12M;n/a
02/12/2002;Treasury Bills;SE 12M;3.98
03/12/2002;Treasury Bills;SE 12M;3.96
04/12/2002;Treasury Bills;SE 12M;3.97
05/12/2002;Treasury Bills;SE 12M;3.86
06/12/2002;Treasury Bills;SE 12M;3.84
09/12/2002;Treasury Bills;SE 12M;3.81
10/12/2002;Treasury Bills;SE 12M;3.81
11/12/2002;Treasury Bills;SE 12M;3.79
12/12/2002;Treasury Bills;SE 12M;3.76
13/12/2002;Treasury Bills;SE 12M;3.73
16/12/2002;Treasury Bills;SE 12M;3.73
17/12/2002;Treasury Bills;SE 12M;3.70
18/12/2002;Treasury Bills;SE 12M;3.67
19/12/2002;Treasury Bills;SE 12M;3.65
20/12/2002;Treasury Bills;SE 12M;3.64
23/12/2002;Treasury Bills;SE 12M;3.62
27/12/2002;Treasury Bills;SE 12M;3.62
30/12/2002;Treasury Bills;SE 12M;3.58
02/01/2003;Treasury Bills;SE 12M;3.65
03/01/2003;Treasury Bills;SE 12M;3.68
07/01/2003;Treasury Bills;SE 12M;3.65
08/01/2003;Treasury Bills;SE 12M;3.65
09/01/2003;Treasury Bills;SE 12M;3.65
10/01/2003;Treasury Bills;SE 12M;3.65
13/01/2003;Treasury Bills;SE 12M;3.68
14/01/2003;Treasury Bills;SE 12M;3.68
15/01/2003;Treasury Bills;SE 12M;3.69
16/01/2003;Treasury Bills;SE 12M;3.70
17/01/2003;Treasury Bills;SE 12M;3.67
20/01/2003;Treasury Bills;SE 12M;3.64
21/01/2003;Treasury Bills;SE 12M;3.65
22/01/2003;Treasury Bills;SE 12M;3.65
23/01/2003;Treasury Bills;SE 12M;3.65
24/01/2003;Treasury Bills;SE 12M;3.62
27/01/2003;Treasury Bills;SE 12M;3.61
28/01/2003;Treasury Bills;SE 12M;3.62
29/01/2003;Treasury Bills;SE 12M;3.60
30/01/2003;Treasury Bills;SE 12M;3.62
31/01/2003;Treasury Bills;SE 12M;3.62
03/02/2003;Treasury Bills;SE 12M;3.61
04/02/2003;Treasury Bills;SE 12M;3.61
05/02/2003;Treasury Bills;SE 12M;3.61
06/02/2003;Treasury Bills;SE 12M;3.59
07/02/2003;Treasury Bills;SE 12M;3.58
10/02/2003;Treasury Bills;SE 12M;3.55
11/02/2003;Treasury Bills;SE 12M;3.56
12/02/2003;Treasury Bills;SE 12M;3.54
13/02/2003;Treasury Bills;SE 12M;3.52
14/02/2003;Treasury Bills;SE 12M;3.54
17/02/2003;Treasury Bills;SE 12M;3.53
18/02/2003;Treasury Bills;SE 12M;3.54
19/02/2003;Treasury Bills;SE 12M;3.52
20/02/2003;Treasury Bills;SE 12M;3.46
21/02/2003;Treasury Bills;SE 12M;3.44
24/02/2003;Treasury Bills;SE 12M;3.37
25/02/2003;Treasury Bills;SE 12M;3.33
26/02/2003;Treasury Bills;SE 12M;3.35
27/02/2003;Treasury Bills;SE 12M;3.34
28/02/2003;Treasury Bills;SE 12M;3.36
03/03/2003;Treasury Bills;SE 12M;3.33
04/03/2003;Treasury Bills;SE 12M;3.30
05/03/2003;Treasury Bills;SE 12M;3.29
06/03/2003;Treasury Bills;SE 12M;3.26
07/03/2003;Treasury Bills;SE 12M;3.25
10/03/2003;Treasury Bills;SE 12M;3.22
11/03/2003;Treasury Bills;SE 12M;3.24
12/03/2003;Treasury Bills;SE 12M;3.27
13/03/2003;Treasury Bills;SE 12M;3.37
14/03/2003;Treasury Bills;SE 12M;3.39
17/03/2003;Treasury Bills;SE 12M;3.37
18/03/2003;Treasury Bills;SE 12M;3.39
19/03/2003;Treasury Bills;SE 12M;3.41
20/03/2003;Treasury Bills;SE 12M;3.39
21/03/2003;Treasury Bills;SE 12M;3.44
24/03/2003;Treasury Bills;SE 12M;3.43
25/03/2003;Treasury Bills;SE 12M;3.40
26/03/2003;Treasury Bills;SE 12M;3.43
27/03/2003;Treasury Bills;SE 12M;3.39
28/03/2003;Treasury Bills;SE 12M;3.40
31/03/2003;Treasury Bills;SE 12M;3.36
01/04/2003;Treasury Bills;SE 12M;3.35
02/04/2003;Treasury Bills;SE 12M;3.38
03/04/2003;Treasury Bills;SE 12M;3.38
04/04/2003;Treasury Bills;SE 12M;3.38
07/04/2003;Treasury Bills;SE 12M;3.42
08/04/2003;Treasury Bills;SE 12M;3.40
09/04/2003;Treasury Bills;SE 12M;3.40
10/04/2003;Treasury Bills;SE 12M;3.37
11/04/2003;Treasury Bills;SE 12M;3.40
14/04/2003;Treasury Bills;SE 12M;3.43
15/04/2003;Treasury Bills;SE 12M;3.44
16/04/2003;Treasury Bills;SE 12M;3.46
17/04/2003;Treasury Bills;SE 12M;3.45
22/04/2003;Treasury Bills;SE 12M;3.42
23/04/2003;Treasury Bills;SE 12M;3.46
24/04/2003;Treasury Bills;SE 12M;3.42
25/04/2003;Treasury Bills;SE 12M;3.38
28/04/2003;Treasury Bills;SE 12M;3.36
29/04/2003;Treasury Bills;SE 12M;3.39
30/04/2003;Treasury Bills;SE 12M;3.37
02/05/2003;Treasury Bills;SE 12M;3.31
05/05/2003;Treasury Bills;SE 12M;3.33
06/05/2003;Treasury Bills;SE 12M;3.31
07/05/2003;Treasury Bills;SE 12M;3.26
08/05/2003;Treasury Bills;SE 12M;3.26
09/05/2003;Treasury Bills;SE 12M;3.25
12/05/2003;Treasury Bills;SE 12M;3.22
13/05/2003;Treasury Bills;SE 12M;3.20
14/05/2003;Treasury Bills;SE 12M;3.17
15/05/2003;Treasury Bills;SE 12M;3.14
16/05/2003;Treasury Bills;SE 12M;3.12
19/05/2003;Treasury Bills;SE 12M;3.06
20/05/2003;Treasury Bills;SE 12M;3.05
21/05/2003;Treasury Bills;SE 12M;3.02
22/05/2003;Treasury Bills;SE 12M;3.03
23/05/2003;Treasury Bills;SE 12M;3.01
26/05/2003;Treasury Bills;SE 12M;2.99
27/05/2003;Treasury Bills;SE 12M;2.97
28/05/2003;Treasury Bills;SE 12M;3.00
30/05/2003;Treasury Bills;SE 12M;2.95
02/06/2003;Treasury Bills;SE 12M;2.95
03/06/2003;Treasury Bills;SE 12M;2.90
04/06/2003;Treasury Bills;SE 12M;2.91
05/06/2003;Treasury Bills;SE 12M;2.80
06/06/2003;Treasury Bills;SE 12M;2.80
10/06/2003;Treasury Bills;SE 12M;2.74
11/06/2003;Treasury Bills;SE 12M;2.70
12/06/2003;Treasury Bills;SE 12M;2.64
13/06/2003;Treasury Bills;SE 12M;2.57
16/06/2003;Treasury Bills;SE 12M;2.52
17/06/2003;Treasury Bills;SE 12M;2.56
18/06/2003;Treasury Bills;SE 12M;2.62
19/06/2003;Treasury Bills;SE 12M;2.62
23/06/2003;Treasury Bills;SE 12M;2.615
24/06/2003;Treasury Bills;SE 12M;2.60
25/06/2003;Treasury Bills;SE 12M;2.58
26/06/2003;Treasury Bills;SE 12M;2.66
27/06/2003;Treasury Bills;SE 12M;2.73
30/06/2003;Treasury Bills;SE 12M;2.71
01/07/2003;Treasury Bills;SE 12M;2.67
02/07/2003;Treasury Bills;SE 12M;2.71
03/07/2003;Treasury Bills;SE 12M;2.71
04/07/2003;Treasury Bills;SE 12M;2.62
07/07/2003;Treasury Bills;SE 12M;2.63
08/07/2003;Treasury Bills;SE 12M;2.63
09/07/2003;Treasury Bills;SE 12M;2.63
10/07/2003;Treasury Bills;SE 12M;2.62
11/07/2003;Treasury Bills;SE 12M;2.62
14/07/2003;Treasury Bills;SE 12M;2.61
15/07/2003;Treasury Bills;SE 12M;2.63
16/07/2003;Treasury Bills;SE 12M;2.68
17/07/2003;Treasury Bills;SE 12M;2.71
18/07/2003;Treasury Bills;SE 12M;2.70
21/07/2003;Treasury Bills;SE 12M;2.71
22/07/2003;Treasury Bills;SE 12M;2.73
23/07/2003;Treasury Bills;SE 12M;2.71
24/07/2003;Treasury Bills;SE 12M;2.73
25/07/2003;Treasury Bills;SE 12M;2.68
28/07/2003;Treasury Bills;SE 12M;2.71
29/07/2003;Treasury Bills;SE 12M;2.70
30/07/2003;Treasury Bills;SE 12M;2.71
31/07/2003;Treasury Bills;SE 12M;2.74
01/08/2003;Treasury Bills;SE 12M;2.85
04/08/2003;Treasury Bills;SE 12M;2.85
05/08/2003;Treasury Bills;SE 12M;2.84
06/08/2003;Treasury Bills;SE 12M;2.84
07/08/2003;Treasury Bills;SE 12M;2.81
08/08/2003;Treasury Bills;SE 12M;2.77
11/08/2003;Treasury Bills;SE 12M;2.80
12/08/2003;Treasury Bills;SE 12M;2.81
13/08/2003;Treasury Bills;SE 12M;2.81
14/08/2003;Treasury Bills;SE 12M;2.82
15/08/2003;Treasury Bills;SE 12M;2.85
18/08/2003;Treasury Bills;SE 12M;2.87
19/08/2003;Treasury Bills;SE 12M;2.91
20/08/2003;Treasury Bills;SE 12M;2.90
21/08/2003;Treasury Bills;SE 12M;2.91
22/08/2003;Treasury Bills;SE 12M;2.91
25/08/2003;Treasury Bills;SE 12M;2.90
26/08/2003;Treasury Bills;SE 12M;2.92
27/08/2003;Treasury Bills;SE 12M;2.90
28/08/2003;Treasury Bills;SE 12M;n/a
29/08/2003;Treasury Bills;SE 12M;n/a
01/09/2003;Treasury Bills;SE 12M;2.91
02/09/2003;Treasury Bills;SE 12M;2.94
03/09/2003;Treasury Bills;SE 12M;2.91
04/09/2003;Treasury Bills;SE 12M;3.06
05/09/2003;Treasury Bills;SE 12M;2.96
08/09/2003;Treasury Bills;SE 12M;2.95
09/09/2003;Treasury Bills;SE 12M;2.96
10/09/2003;Treasury Bills;SE 12M;2.96
11/09/2003;Treasury Bills;SE 12M;2.91
12/09/2003;Treasury Bills;SE 12M;2.90
15/09/2003;Treasury Bills;SE 12M;2.98
16/09/2003;Treasury Bills;SE 12M;2.97
17/09/2003;Treasury Bills;SE 12M;2.94
18/09/2003;Treasury Bills;SE 12M;2.90
19/09/2003;Treasury Bills;SE 12M;2.90
22/09/2003;Treasury Bills;SE 12M;2.86
23/09/2003;Treasury Bills;SE 12M;2.86
24/09/2003;Treasury Bills;SE 12M;2.83
25/09/2003;Treasury Bills;SE 12M;2.81
26/09/2003;Treasury Bills;SE 12M;2.79
29/09/2003;Treasury Bills;SE 12M;2.82
30/09/2003;Treasury Bills;SE 12M;2.78
01/10/2003;Treasury Bills;SE 12M;2.79
02/10/2003;Treasury Bills;SE 12M;2.82
03/10/2003;Treasury Bills;SE 12M;2.89
06/10/2003;Treasury Bills;SE 12M;2.90
07/10/2003;Treasury Bills;SE 12M;2.89
08/10/2003;Treasury Bills;SE 12M;2.90
09/10/2003;Treasury Bills;SE 12M;2.90
10/10/2003;Treasury Bills;SE 12M;2.90
13/10/2003;Treasury Bills;SE 12M;2.91
14/10/2003;Treasury Bills;SE 12M;2.94
15/10/2003;Treasury Bills;SE 12M;2.95
16/10/2003;Treasury Bills;SE 12M;2.92
17/10/2003;Treasury Bills;SE 12M;2.97
20/10/2003;Treasury Bills;SE 12M;2.98
21/10/2003;Treasury Bills;SE 12M;2.93
22/10/2003;Treasury Bills;SE 12M;2.94
23/10/2003;Treasury Bills;SE 12M;2.93
24/10/2003;Treasury Bills;SE 12M;2.95
27/10/2003;Treasury Bills;SE 12M;2.98
28/10/2003;Treasury Bills;SE 12M;2.98
29/10/2003;Treasury Bills;SE 12M;2.95
30/10/2003;Treasury Bills;SE 12M;2.96
31/10/2003;Treasury Bills;SE 12M;2.94
03/11/2003;Treasury Bills;SE 12M;2.95
04/11/2003;Treasury Bills;SE 12M;2.94
05/11/2003;Treasury Bills;SE 12M;2.96
06/11/2003;Treasury Bills;SE 12M;2.98
07/11/2003;Treasury Bills;SE 12M;3.03
10/11/2003;Treasury Bills;SE 12M;3.00
11/11/2003;Treasury Bills;SE 12M;3.01
12/11/2003;Treasury Bills;SE 12M;3.01
13/11/2003;Treasury Bills;SE 12M;2.95
14/11/2003;Treasury Bills;SE 12M;2.92
17/11/2003;Treasury Bills;SE 12M;2.89
18/11/2003;Treasury Bills;SE 12M;2.91
19/11/2003;Treasury Bills;SE 12M;2.89
20/11/2003;Treasury Bills;SE 12M;2.88
21/11/2003;Treasury Bills;SE 12M;2.84
24/11/2003;Treasury Bills;SE 12M;2.87
25/11/2003;Treasury Bills;SE 12M;2.88
26/11/2003;Treasury Bills;SE 12M;2.85
27/11/2003;Treasury Bills;SE 12M;2.88
28/11/2003;Treasury Bills;SE 12M;2.88
01/12/2003;Treasury Bills;SE 12M;2.91
02/12/2003;Treasury Bills;SE 12M;2.90
03/12/2003;Treasury Bills;SE 12M;2.88
04/12/2003;Treasury Bills;SE 12M;2.90
05/12/2003;Treasury Bills;SE 12M;2.85
08/12/2003;Treasury Bills;SE 12M;2.83
09/12/2003;Treasury Bills;SE 12M;2.84
10/12/2003;Treasury Bills;SE 12M;2.85
11/12/2003;Treasury Bills;SE 12M;2.95
12/12/2003;Treasury Bills;SE 12M;2.86
15/12/2003;Treasury Bills;SE 12M;2.87
16/12/2003;Treasury Bills;SE 12M;2.85
17/12/2003;Treasury Bills;SE 12M;2.79
18/12/2003;Treasury Bills;SE 12M;2.77
19/12/2003;Treasury Bills;SE 12M;2.79
22/12/2003;Treasury Bills;SE 12M;2.79
23/12/2003;Treasury Bills;SE 12M;2.78
29/12/2003;Treasury Bills;SE 12M;2.77
30/12/2003;Treasury Bills;SE 12M;2.79
02/01/2004;Treasury Bills;SE 12M;2.77
05/01/2004;Treasury Bills;SE 12M;2.78
07/01/2004;Treasury Bills;SE 12M;2.75
08/01/2004;Treasury Bills;SE 12M;2.73
09/01/2004;Treasury Bills;SE 12M;2.65
12/01/2004;Treasury Bills;SE 12M;2.63
13/01/2004;Treasury Bills;SE 12M;2.64
14/01/2004;Treasury Bills;SE 12M;2.64
15/01/2004;Treasury Bills;SE 12M;2.655
16/01/2004;Treasury Bills;SE 12M;2.62
19/01/2004;Treasury Bills;SE 12M;2.64
20/01/2004;Treasury Bills;SE 12M;2.60
21/01/2004;Treasury Bills;SE 12M;2.585
22/01/2004;Treasury Bills;SE 12M;2.61
23/01/2004;Treasury Bills;SE 12M;2.59
26/01/2004;Treasury Bills;SE 12M;2.59
27/01/2004;Treasury Bills;SE 12M;2.58
28/01/2004;Treasury Bills;SE 12M;2.56
29/01/2004;Treasury Bills;SE 12M;2.62
30/01/2004;Treasury Bills;SE 12M;2.60
02/02/2004;Treasury Bills;SE 12M;2.595
03/02/2004;Treasury Bills;SE 12M;2.58
04/02/2004;Treasury Bills;SE 12M;2.56
05/02/2004;Treasury Bills;SE 12M;2.56
06/02/2004;Treasury Bills;SE 12M;2.54
09/02/2004;Treasury Bills;SE 12M;2.52
10/02/2004;Treasury Bills;SE 12M;2.50
11/02/2004;Treasury Bills;SE 12M;2.50
12/02/2004;Treasury Bills;SE 12M;2.47
13/02/2004;Treasury Bills;SE 12M;2.435
16/02/2004;Treasury Bills;SE 12M;2.445
17/02/2004;Treasury Bills;SE 12M;2.44
18/02/2004;Treasury Bills;SE 12M;2.43
19/02/2004;Treasury Bills;SE 12M;2.435
20/02/2004;Treasury Bills;SE 12M;2.43
23/02/2004;Treasury Bills;SE 12M;2.44
24/02/2004;Treasury Bills;SE 12M;2.42
25/02/2004;Treasury Bills;SE 12M;2.41
26/02/2004;Treasury Bills;SE 12M;2.47
27/02/2004;Treasury Bills;SE 12M;2.47
01/03/2004;Treasury Bills;SE 12M;2.47
02/03/2004;Treasury Bills;SE 12M;2.48
03/03/2004;Treasury Bills;SE 12M;2.525
04/03/2004;Treasury Bills;SE 12M;2.525
05/03/2004;Treasury Bills;SE 12M;2.43
08/03/2004;Treasury Bills;SE 12M;2.39
09/03/2004;Treasury Bills;SE 12M;2.395
10/03/2004;Treasury Bills;SE 12M;2.38
11/03/2004;Treasury Bills;SE 12M;2.285
12/03/2004;Treasury Bills;SE 12M;2.275
15/03/2004;Treasury Bills;SE 12M;2.26
16/03/2004;Treasury Bills;SE 12M;2.275
17/03/2004;Treasury Bills;SE 12M;2.25
18/03/2004;Treasury Bills;SE 12M;2.25
19/03/2004;Treasury Bills;SE 12M;2.225
22/03/2004;Treasury Bills;SE 12M;2.20
23/03/2004;Treasury Bills;SE 12M;2.195
24/03/2004;Treasury Bills;SE 12M;2.09
25/03/2004;Treasury Bills;SE 12M;2.055
26/03/2004;Treasury Bills;SE 12M;2.09
29/03/2004;Treasury Bills;SE 12M;2.11
30/03/2004;Treasury Bills;SE 12M;2.11
31/03/2004;Treasury Bills;SE 12M;2.095
01/04/2004;Treasury Bills;SE 12M;2.09
02/04/2004;Treasury Bills;SE 12M;2.19
05/04/2004;Treasury Bills;SE 12M;2.16
06/04/2004;Treasury Bills;SE 12M;2.12
07/04/2004;Treasury Bills;SE 12M;2.125
08/04/2004;Treasury Bills;SE 12M;2.135
13/04/2004;Treasury Bills;SE 12M;2.185
14/04/2004;Treasury Bills;SE 12M;2.215
15/04/2004;Treasury Bills;SE 12M;2.195
16/04/2004;Treasury Bills;SE 12M;2.18
19/04/2004;Treasury Bills;SE 12M;2.17
20/04/2004;Treasury Bills;SE 12M;2.205
21/04/2004;Treasury Bills;SE 12M;2.215
22/04/2004;Treasury Bills;SE 12M;2.22
23/04/2004;Treasury Bills;SE 12M;2.205
26/04/2004;Treasury Bills;SE 12M;2.225
27/04/2004;Treasury Bills;SE 12M;2.22
28/04/2004;Treasury Bills;SE 12M;2.21
29/04/2004;Treasury Bills;SE 12M;2.22
30/04/2004;Treasury Bills;SE 12M;2.23
03/05/2004;Treasury Bills;SE 12M;2.22
04/05/2004;Treasury Bills;SE 12M;2.225
05/05/2004;Treasury Bills;SE 12M;2.205
06/05/2004;Treasury Bills;SE 12M;2.23
07/05/2004;Treasury Bills;SE 12M;2.24
10/05/2004;Treasury Bills;SE 12M;2.25
11/05/2004;Treasury Bills;SE 12M;2.24
12/05/2004;Treasury Bills;SE 12M;2.27
13/05/2004;Treasury Bills;SE 12M;2.30
14/05/2004;Treasury Bills;SE 12M;2.28
17/05/2004;Treasury Bills;SE 12M;2.23
18/05/2004;Treasury Bills;SE 12M;2.25
19/05/2004;Treasury Bills;SE 12M;2.265
21/05/2004;Treasury Bills;SE 12M;2.23
24/05/2004;Treasury Bills;SE 12M;2.25
25/05/2004;Treasury Bills;SE 12M;2.23
26/05/2004;Treasury Bills;SE 12M;2.21
27/05/2004;Treasury Bills;SE 12M;2.19
28/05/2004;Treasury Bills;SE 12M;2.33
01/06/2004;Treasury Bills;SE 12M;2.37
02/06/2004;Treasury Bills;SE 12M;2.375
03/06/2004;Treasury Bills;SE 12M;2.37
04/06/2004;Treasury Bills;SE 12M;2.38
07/06/2004;Treasury Bills;SE 12M;2.37
08/06/2004;Treasury Bills;SE 12M;2.365
09/06/2004;Treasury Bills;SE 12M;2.345
10/06/2004;Treasury Bills;SE 12M;2.36
11/06/2004;Treasury Bills;SE 12M;2.415
14/06/2004;Treasury Bills;SE 12M;2.425
15/06/2004;Treasury Bills;SE 12M;2.405
16/06/2004;Treasury Bills;SE 12M;2.38
17/06/2004;Treasury Bills;SE 12M;2.41
18/06/2004;Treasury Bills;SE 12M;2.39
21/06/2004;Treasury Bills;SE 12M;2.385
22/06/2004;Treasury Bills;SE 12M;2.39
23/06/2004;Treasury Bills;SE 12M;2.395
24/06/2004;Treasury Bills;SE 12M;2.37
28/06/2004;Treasury Bills;SE 12M;2.37
29/06/2004;Treasury Bills;SE 12M;2.38
30/06/2004;Treasury Bills;SE 12M;2.355
01/07/2004;Treasury Bills;SE 12M;2.34
02/07/2004;Treasury Bills;SE 12M;2.30
05/07/2004;Treasury Bills;SE 12M;2.30
06/07/2004;Treasury Bills;SE 12M;2.305
07/07/2004;Treasury Bills;SE 12M;2.30
08/07/2004;Treasury Bills;SE 12M;2.30
09/07/2004;Treasury Bills;SE 12M;2.30
12/07/2004;Treasury Bills;SE 12M;2.28
13/07/2004;Treasury Bills;SE 12M;2.305
14/07/2004;Treasury Bills;SE 12M;2.31
15/07/2004;Treasury Bills;SE 12M;2.31
16/07/2004;Treasury Bills;SE 12M;2.295
19/07/2004;Treasury Bills;SE 12M;2.285
20/07/2004;Treasury Bills;SE 12M;2.30
21/07/2004;Treasury Bills;SE 12M;2.32
22/07/2004;Treasury Bills;SE 12M;2.32
23/07/2004;Treasury Bills;SE 12M;2.315
26/07/2004;Treasury Bills;SE 12M;2.325
27/07/2004;Treasury Bills;SE 12M;2.325
28/07/2004;Treasury Bills;SE 12M;2.335
29/07/2004;Treasury Bills;SE 12M;2.315
30/07/2004;Treasury Bills;SE 12M;2.295
02/08/2004;Treasury Bills;SE 12M;2.27
03/08/2004;Treasury Bills;SE 12M;2.265
04/08/2004;Treasury Bills;SE 12M;2.25
05/08/2004;Treasury Bills;SE 12M;2.25
06/08/2004;Treasury Bills;SE 12M;2.215
09/08/2004;Treasury Bills;SE 12M;2.22
10/08/2004;Treasury Bills;SE 12M;2.225
11/08/2004;Treasury Bills;SE 12M;2.25
12/08/2004;Treasury Bills;SE 12M;2.24
13/08/2004;Treasury Bills;SE 12M;2.22
16/08/2004;Treasury Bills;SE 12M;2.22
17/08/2004;Treasury Bills;SE 12M;2.22
18/08/2004;Treasury Bills;SE 12M;2.215
19/08/2004;Treasury Bills;SE 12M;2.23
20/08/2004;Treasury Bills;SE 12M;2.24
23/08/2004;Treasury Bills;SE 12M;2.265
24/08/2004;Treasury Bills;SE 12M;2.285
25/08/2004;Treasury Bills;SE 12M;2.275
26/08/2004;Treasury Bills;SE 12M;2.28
27/08/2004;Treasury Bills;SE 12M;2.27
30/08/2004;Treasury Bills;SE 12M;2.26
31/08/2004;Treasury Bills;SE 12M;2.255
01/09/2004;Treasury Bills;SE 12M;2.245
02/09/2004;Treasury Bills;SE 12M;2.255
03/09/2004;Treasury Bills;SE 12M;2.30
06/09/2004;Treasury Bills;SE 12M;2.29
07/09/2004;Treasury Bills;SE 12M;2.295
08/09/2004;Treasury Bills;SE 12M;2.30
09/09/2004;Treasury Bills;SE 12M;2.27
10/09/2004;Treasury Bills;SE 12M;2.26
13/09/2004;Treasury Bills;SE 12M;2.24
14/09/2004;Treasury Bills;SE 12M;2.225
15/09/2004;Treasury Bills;SE 12M;2.235
16/09/2004;Treasury Bills;SE 12M;2.23
17/09/2004;Treasury Bills;SE 12M;2.22
20/09/2004;Treasury Bills;SE 12M;2.24
21/09/2004;Treasury Bills;SE 12M;2.27
22/09/2004;Treasury Bills;SE 12M;2.285
23/09/2004;Treasury Bills;SE 12M;2.27
24/09/2004;Treasury Bills;SE 12M;2.29
27/09/2004;Treasury Bills;SE 12M;2.29
28/09/2004;Treasury Bills;SE 12M;2.28
29/09/2004;Treasury Bills;SE 12M;2.29
30/09/2004;Treasury Bills;SE 12M;2.29
01/10/2004;Treasury Bills;SE 12M;2.44
04/10/2004;Treasury Bills;SE 12M;2.45
05/10/2004;Treasury Bills;SE 12M;2.42
06/10/2004;Treasury Bills;SE 12M;2.43
07/10/2004;Treasury Bills;SE 12M;2.445
08/10/2004;Treasury Bills;SE 12M;2.41
11/10/2004;Treasury Bills;SE 12M;2.44
12/10/2004;Treasury Bills;SE 12M;2.41
13/10/2004;Treasury Bills;SE 12M;2.41
14/10/2004;Treasury Bills;SE 12M;2.36
15/10/2004;Treasury Bills;SE 12M;2.355
18/10/2004;Treasury Bills;SE 12M;2.345
19/10/2004;Treasury Bills;SE 12M;2.37
20/10/2004;Treasury Bills;SE 12M;2.35
21/10/2004;Treasury Bills;SE 12M;2.34
22/10/2004;Treasury Bills;SE 12M;2.34
25/10/2004;Treasury Bills;SE 12M;2.325
26/10/2004;Treasury Bills;SE 12M;2.32
27/10/2004;Treasury Bills;SE 12M;2.29
28/10/2004;Treasury Bills;SE 12M;2.33
29/10/2004;Treasury Bills;SE 12M;2.32
01/11/2004;Treasury Bills;SE 12M;2.31
02/11/2004;Treasury Bills;SE 12M;2.34
03/11/2004;Treasury Bills;SE 12M;2.335
04/11/2004;Treasury Bills;SE 12M;2.31
05/11/2004;Treasury Bills;SE 12M;2.31
08/11/2004;Treasury Bills;SE 12M;2.34
09/11/2004;Treasury Bills;SE 12M;2.33
10/11/2004;Treasury Bills;SE 12M;2.32
11/11/2004;Treasury Bills;SE 12M;2.31
12/11/2004;Treasury Bills;SE 12M;2.31
15/11/2004;Treasury Bills;SE 12M;2.31
16/11/2004;Treasury Bills;SE 12M;2.32
17/11/2004;Treasury Bills;SE 12M;2.30
18/11/2004;Treasury Bills;SE 12M;2.28
19/11/2004;Treasury Bills;SE 12M;2.295
22/11/2004;Treasury Bills;SE 12M;2.28
23/11/2004;Treasury Bills;SE 12M;2.26
24/11/2004;Treasury Bills;SE 12M;2.25
25/11/2004;Treasury Bills;SE 12M;2.25
26/11/2004;Treasury Bills;SE 12M;2.22
29/11/2004;Treasury Bills;SE 12M;2.235
30/11/2004;Treasury Bills;SE 12M;2.19
01/12/2004;Treasury Bills;SE 12M;2.19
02/12/2004;Treasury Bills;SE 12M;2.22
03/12/2004;Treasury Bills;SE 12M;2.29
06/12/2004;Treasury Bills;SE 12M;2.265
07/12/2004;Treasury Bills;SE 12M;2.23
08/12/2004;Treasury Bills;SE 12M;2.235
09/12/2004;Treasury Bills;SE 12M;2.20
10/12/2004;Treasury Bills;SE 12M;2.205
13/12/2004;Treasury Bills;SE 12M;2.20
14/12/2004;Treasury Bills;SE 12M;2.145
15/12/2004;Treasury Bills;SE 12M;2.13
16/12/2004;Treasury Bills;SE 12M;2.15
17/12/2004;Treasury Bills;SE 12M;2.155
20/12/2004;Treasury Bills;SE 12M;2.14
21/12/2004;Treasury Bills;SE 12M;2.135
22/12/2004;Treasury Bills;SE 12M;2.145
23/12/2004;Treasury Bills;SE 12M;2.13
27/12/2004;Treasury Bills;SE 12M;2.12
28/12/2004;Treasury Bills;SE 12M;2.12
29/12/2004;Treasury Bills;SE 12M;2.15
30/12/2004;Treasury Bills;SE 12M;2.165
03/01/2005;Treasury Bills;SE 12M;2.135
04/01/2005;Treasury Bills;SE 12M;2.15
05/01/2005;Treasury Bills;SE 12M;2.16
07/01/2005;Treasury Bills;SE 12M;2.135
10/01/2005;Treasury Bills;SE 12M;2.13
11/01/2005;Treasury Bills;SE 12M;2.12
12/01/2005;Treasury Bills;SE 12M;2.12
13/01/2005;Treasury Bills;SE 12M;2.12
14/01/2005;Treasury Bills;SE 12M;2.12
17/01/2005;Treasury Bills;SE 12M;2.10
18/01/2005;Treasury Bills;SE 12M;2.11
19/01/2005;Treasury Bills;SE 12M;2.10
20/01/2005;Treasury Bills;SE 12M;2.095
21/01/2005;Treasury Bills;SE 12M;2.075
24/01/2005;Treasury Bills;SE 12M;2.065
25/01/2005;Treasury Bills;SE 12M;2.06
26/01/2005;Treasury Bills;SE 12M;2.065
27/01/2005;Treasury Bills;SE 12M;2.065
28/01/2005;Treasury Bills;SE 12M;2.04
31/01/2005;Treasury Bills;SE 12M;2.04
01/02/2005;Treasury Bills;SE 12M;2.035
02/02/2005;Treasury Bills;SE 12M;2.06
03/02/2005;Treasury Bills;SE 12M;2.055
04/02/2005;Treasury Bills;SE 12M;2.045
07/02/2005;Treasury Bills;SE 12M;2.05
08/02/2005;Treasury Bills;SE 12M;2.065
09/02/2005;Treasury Bills;SE 12M;2.06
10/02/2005;Treasury Bills;SE 12M;2.05
11/02/2005;Treasury Bills;SE 12M;2.04
14/02/2005;Treasury Bills;SE 12M;2.035
15/02/2005;Treasury Bills;SE 12M;2.04
16/02/2005;Treasury Bills;SE 12M;2.035
17/02/2005;Treasury Bills;SE 12M;2.01
18/02/2005;Treasury Bills;SE 12M;2.03
21/02/2005;Treasury Bills;SE 12M;2.025
22/02/2005;Treasury Bills;SE 12M;2.03
23/02/2005;Treasury Bills;SE 12M;2.025
24/02/2005;Treasury Bills;SE 12M;2.035
25/02/2005;Treasury Bills;SE 12M;2.04
28/02/2005;Treasury Bills;SE 12M;2.025
01/03/2005;Treasury Bills;SE 12M;2.03
02/03/2005;Treasury Bills;SE 12M;2.03
03/03/2005;Treasury Bills;SE 12M;2.09
04/03/2005;Treasury Bills;SE 12M;2.08
07/03/2005;Treasury Bills;SE 12M;2.08
08/03/2005;Treasury Bills;SE 12M;2.05
09/03/2005;Treasury Bills;SE 12M;2.03
10/03/2005;Treasury Bills;SE 12M;2.03
11/03/2005;Treasury Bills;SE 12M;2.07
14/03/2005;Treasury Bills;SE 12M;2.07
15/03/2005;Treasury Bills;SE 12M;2.07
16/03/2005;Treasury Bills;SE 12M;2.085
17/03/2005;Treasury Bills;SE 12M;2.075
18/03/2005;Treasury Bills;SE 12M;2.09
21/03/2005;Treasury Bills;SE 12M;2.09
22/03/2005;Treasury Bills;SE 12M;2.095
23/03/2005;Treasury Bills;SE 12M;2.11
24/03/2005;Treasury Bills;SE 12M;2.105
29/03/2005;Treasury Bills;SE 12M;2.105
30/03/2005;Treasury Bills;SE 12M;2.10
31/03/2005;Treasury Bills;SE 12M;2.09
01/04/2005;Treasury Bills;SE 12M;2.075
04/04/2005;Treasury Bills;SE 12M;2.075
05/04/2005;Treasury Bills;SE 12M;2.075
06/04/2005;Treasury Bills;SE 12M;2.07
07/04/2005;Treasury Bills;SE 12M;2.07
08/04/2005;Treasury Bills;SE 12M;2.07
11/04/2005;Treasury Bills;SE 12M;2.075
12/04/2005;Treasury Bills;SE 12M;2.07
13/04/2005;Treasury Bills;SE 12M;2.06
14/04/2005;Treasury Bills;SE 12M;2.045
15/04/2005;Treasury Bills;SE 12M;2.025
18/04/2005;Treasury Bills;SE 12M;2.015
19/04/2005;Treasury Bills;SE 12M;2.02
20/04/2005;Treasury Bills;SE 12M;2.02
21/04/2005;Treasury Bills;SE 12M;2.02
22/04/2005;Treasury Bills;SE 12M;2.015
25/04/2005;Treasury Bills;SE 12M;2.015
26/04/2005;Treasury Bills;SE 12M;2.005
27/04/2005;Treasury Bills;SE 12M;1.98
28/04/2005;Treasury Bills;SE 12M;1.96
29/04/2005;Treasury Bills;SE 12M;1.95
02/05/2005;Treasury Bills;SE 12M;1.92
03/05/2005;Treasury Bills;SE 12M;1.895
04/05/2005;Treasury Bills;SE 12M;1.90
06/05/2005;Treasury Bills;SE 12M;1.90
09/05/2005;Treasury Bills;SE 12M;1.90
10/05/2005;Treasury Bills;SE 12M;1.85
11/05/2005;Treasury Bills;SE 12M;1.86
12/05/2005;Treasury Bills;SE 12M;1.86
13/05/2005;Treasury Bills;SE 12M;1.88
16/05/2005;Treasury Bills;SE 12M;1.88
17/05/2005;Treasury Bills;SE 12M;1.865
18/05/2005;Treasury Bills;SE 12M;1.83
19/05/2005;Treasury Bills;SE 12M;1.825
20/05/2005;Treasury Bills;SE 12M;1.86
23/05/2005;Treasury Bills;SE 12M;1.85
24/05/2005;Treasury Bills;SE 12M;1.84
25/05/2005;Treasury Bills;SE 12M;1.845
26/05/2005;Treasury Bills;SE 12M;1.855
27/05/2005;Treasury Bills;SE 12M;1.845
30/05/2005;Treasury Bills;SE 12M;1.865
31/05/2005;Treasury Bills;SE 12M;1.83
01/06/2005;Treasury Bills;SE 12M;1.795
02/06/2005;Treasury Bills;SE 12M;1.795
03/06/2005;Treasury Bills;SE 12M;1.78
07/06/2005;Treasury Bills;SE 12M;1.775
08/06/2005;Treasury Bills;SE 12M;1.68
09/06/2005;Treasury Bills;SE 12M;1.66
10/06/2005;Treasury Bills;SE 12M;1.665
13/06/2005;Treasury Bills;SE 12M;1.66
14/06/2005;Treasury Bills;SE 12M;1.67
15/06/2005;Treasury Bills;SE 12M;1.65
16/06/2005;Treasury Bills;SE 12M;1.64
17/06/2005;Treasury Bills;SE 12M;1.63
20/06/2005;Treasury Bills;SE 12M;1.62
21/06/2005;Treasury Bills;SE 12M;1.54
22/06/2005;Treasury Bills;SE 12M;1.515
23/06/2005;Treasury Bills;SE 12M;1.525
27/06/2005;Treasury Bills;SE 12M;1.53
28/06/2005;Treasury Bills;SE 12M;1.545
29/06/2005;Treasury Bills;SE 12M;1.54
30/06/2005;Treasury Bills;SE 12M;1.545
01/07/2005;Treasury Bills;SE 12M;1.545
04/07/2005;Treasury Bills;SE 12M;1.56
05/07/2005;Treasury Bills;SE 12M;1.57
06/07/2005;Treasury Bills;SE 12M;1.56
07/07/2005;Treasury Bills;SE 12M;1.54
08/07/2005;Treasury Bills;SE 12M;1.54
11/07/2005;Treasury Bills;SE 12M;1.555
12/07/2005;Treasury Bills;SE 12M;1.555
13/07/2005;Treasury Bills;SE 12M;1.555
14/07/2005;Treasury Bills;SE 12M;1.56
15/07/2005;Treasury Bills;SE 12M;1.56
18/07/2005;Treasury Bills;SE 12M;1.56
19/07/2005;Treasury Bills;SE 12M;1.56
20/07/2005;Treasury Bills;SE 12M;1.56
21/07/2005;Treasury Bills;SE 12M;1.555
22/07/2005;Treasury Bills;SE 12M;1.55
25/07/2005;Treasury Bills;SE 12M;1.555
26/07/2005;Treasury Bills;SE 12M;1.555
27/07/2005;Treasury Bills;SE 12M;1.545
28/07/2005;Treasury Bills;SE 12M;1.56
29/07/2005;Treasury Bills;SE 12M;1.59
01/08/2005;Treasury Bills;SE 12M;1.61
02/08/2005;Treasury Bills;SE 12M;1.63
03/08/2005;Treasury Bills;SE 12M;1.65
04/08/2005;Treasury Bills;SE 12M;1.64
05/08/2005;Treasury Bills;SE 12M;1.65
08/08/2005;Treasury Bills;SE 12M;1.66
09/08/2005;Treasury Bills;SE 12M;1.655
10/08/2005;Treasury Bills;SE 12M;1.65
11/08/2005;Treasury Bills;SE 12M;1.645
12/08/2005;Treasury Bills;SE 12M;1.645
15/08/2005;Treasury Bills;SE 12M;1.64
16/08/2005;Treasury Bills;SE 12M;1.64
17/08/2005;Treasury Bills;SE 12M;1.645
18/08/2005;Treasury Bills;SE 12M;1.65
19/08/2005;Treasury Bills;SE 12M;1.645
22/08/2005;Treasury Bills;SE 12M;1.665
23/08/2005;Treasury Bills;SE 12M;1.65
24/08/2005;Treasury Bills;SE 12M;1.65
25/08/2005;Treasury Bills;SE 12M;1.65
26/08/2005;Treasury Bills;SE 12M;1.67
29/08/2005;Treasury Bills;SE 12M;1.685
30/08/2005;Treasury Bills;SE 12M;1.685
31/08/2005;Treasury Bills;SE 12M;1.67
01/09/2005;Treasury Bills;SE 12M;1.65
02/09/2005;Treasury Bills;SE 12M;1.63
05/09/2005;Treasury Bills;SE 12M;1.635
06/09/2005;Treasury Bills;SE 12M;1.635
07/09/2005;Treasury Bills;SE 12M;1.645
08/09/2005;Treasury Bills;SE 12M;1.63
09/09/2005;Treasury Bills;SE 12M;1.635
12/09/2005;Treasury Bills;SE 12M;1.65
13/09/2005;Treasury Bills;SE 12M;1.655
14/09/2005;Treasury Bills;SE 12M;1.765
15/09/2005;Treasury Bills;SE 12M;1.765
16/09/2005;Treasury Bills;SE 12M;1.765
19/09/2005;Treasury Bills;SE 12M;1.76
20/09/2005;Treasury Bills;SE 12M;1.745
21/09/2005;Treasury Bills;SE 12M;1.725
22/09/2005;Treasury Bills;SE 12M;1.73
23/09/2005;Treasury Bills;SE 12M;1.745
26/09/2005;Treasury Bills;SE 12M;1.755
27/09/2005;Treasury Bills;SE 12M;1.755
28/09/2005;Treasury Bills;SE 12M;1.77
29/09/2005;Treasury Bills;SE 12M;1.81
30/09/2005;Treasury Bills;SE 12M;1.83
03/10/2005;Treasury Bills;SE 12M;1.87
04/10/2005;Treasury Bills;SE 12M;1.855
05/10/2005;Treasury Bills;SE 12M;1.835
06/10/2005;Treasury Bills;SE 12M;1.845
07/10/2005;Treasury Bills;SE 12M;1.85
10/10/2005;Treasury Bills;SE 12M;1.875
11/10/2005;Treasury Bills;SE 12M;1.865
12/10/2005;Treasury Bills;SE 12M;1.865
13/10/2005;Treasury Bills;SE 12M;1.815
14/10/2005;Treasury Bills;SE 12M;1.82
17/10/2005;Treasury Bills;SE 12M;1.825
18/10/2005;Treasury Bills;SE 12M;1.82
19/10/2005;Treasury Bills;SE 12M;1.81
20/10/2005;Treasury Bills;SE 12M;1.78
21/10/2005;Treasury Bills;SE 12M;1.77
24/10/2005;Treasury Bills;SE 12M;1.77
25/10/2005;Treasury Bills;SE 12M;1.79
26/10/2005;Treasury Bills;SE 12M;1.82
27/10/2005;Treasury Bills;SE 12M;1.83
28/10/2005;Treasury Bills;SE 12M;1.835
31/10/2005;Treasury Bills;SE 12M;1.845
01/11/2005;Treasury Bills;SE 12M;1.85
02/11/2005;Treasury Bills;SE 12M;1.87
03/11/2005;Treasury Bills;SE 12M;1.875
04/11/2005;Treasury Bills;SE 12M;1.895
07/11/2005;Treasury Bills;SE 12M;1.91
08/11/2005;Treasury Bills;SE 12M;1.915
09/11/2005;Treasury Bills;SE 12M;1.925
10/11/2005;Treasury Bills;SE 12M;1.91
11/11/2005;Treasury Bills;SE 12M;1.915
14/11/2005;Treasury Bills;SE 12M;1.91
15/11/2005;Treasury Bills;SE 12M;1.92
16/11/2005;Treasury Bills;SE 12M;1.91
17/11/2005;Treasury Bills;SE 12M;1.92
18/11/2005;Treasury Bills;SE 12M;1.95
21/11/2005;Treasury Bills;SE 12M;1.94
22/11/2005;Treasury Bills;SE 12M;1.955
23/11/2005;Treasury Bills;SE 12M;1.93
24/11/2005;Treasury Bills;SE 12M;1.91
25/11/2005;Treasury Bills;SE 12M;1.95
28/11/2005;Treasury Bills;SE 12M;1.95
29/11/2005;Treasury Bills;SE 12M;1.96
30/11/2005;Treasury Bills;SE 12M;1.975
01/12/2005;Treasury Bills;SE 12M;2.10
02/12/2005;Treasury Bills;SE 12M;2.18
05/12/2005;Treasury Bills;SE 12M;2.22
06/12/2005;Treasury Bills;SE 12M;2.245
07/12/2005;Treasury Bills;SE 12M;2.235
08/12/2005;Treasury Bills;SE 12M;2.26
09/12/2005;Treasury Bills;SE 12M;2.26
12/12/2005;Treasury Bills;SE 12M;2.265
13/12/2005;Treasury Bills;SE 12M;2.26
14/12/2005;Treasury Bills;SE 12M;2.24
15/12/2005;Treasury Bills;SE 12M;2.25
16/12/2005;Treasury Bills;SE 12M;2.255
19/12/2005;Treasury Bills;SE 12M;2.24
20/12/2005;Treasury Bills;SE 12M;2.235
21/12/2005;Treasury Bills;SE 12M;2.23
22/12/2005;Treasury Bills;SE 12M;2.24
23/12/2005;Treasury Bills;SE 12M;2.25
27/12/2005;Treasury Bills;SE 12M;2.25
28/12/2005;Treasury Bills;SE 12M;2.25
29/12/2005;Treasury Bills;SE 12M;2.265
30/12/2005;Treasury Bills;SE 12M;2.27
02/01/2006;Treasury Bills;SE 12M;2.28
03/01/2006;Treasury Bills;SE 12M;2.275
04/01/2006;Treasury Bills;SE 12M;2.27
05/01/2006;Treasury Bills;SE 12M;2.25
09/01/2006;Treasury Bills;SE 12M;2.25
10/01/2006;Treasury Bills;SE 12M;2.25
11/01/2006;Treasury Bills;SE 12M;2.255
12/01/2006;Treasury Bills;SE 12M;2.235
13/01/2006;Treasury Bills;SE 12M;2.225
16/01/2006;Treasury Bills;SE 12M;2.21
17/01/2006;Treasury Bills;SE 12M;2.22
18/01/2006;Treasury Bills;SE 12M;2.22
19/01/2006;Treasury Bills;SE 12M;2.23
20/01/2006;Treasury Bills;SE 12M;2.235
23/01/2006;Treasury Bills;SE 12M;2.23
24/01/2006;Treasury Bills;SE 12M;2.225
25/01/2006;Treasury Bills;SE 12M;2.22
26/01/2006;Treasury Bills;SE 12M;2.24
27/01/2006;Treasury Bills;SE 12M;2.25
30/01/2006;Treasury Bills;SE 12M;2.275
31/01/2006;Treasury Bills;SE 12M;2.27
01/02/2006;Treasury Bills;SE 12M;2.27
02/02/2006;Treasury Bills;SE 12M;2.27
03/02/2006;Treasury Bills;SE 12M;2.255
06/02/2006;Treasury Bills;SE 12M;2.245
07/02/2006;Treasury Bills;SE 12M;2.25
08/02/2006;Treasury Bills;SE 12M;2.23
09/02/2006;Treasury Bills;SE 12M;2.205
10/02/2006;Treasury Bills;SE 12M;2.185
13/02/2006;Treasury Bills;SE 12M;2.175
14/02/2006;Treasury Bills;SE 12M;2.185
15/02/2006;Treasury Bills;SE 12M;2.175
16/02/2006;Treasury Bills;SE 12M;2.11
17/02/2006;Treasury Bills;SE 12M;2.09
20/02/2006;Treasury Bills;SE 12M;2.08
21/02/2006;Treasury Bills;SE 12M;2.095
22/02/2006;Treasury Bills;SE 12M;2.095
23/02/2006;Treasury Bills;SE 12M;2.095
24/02/2006;Treasury Bills;SE 12M;2.095
27/02/2006;Treasury Bills;SE 12M;2.105
28/02/2006;Treasury Bills;SE 12M;2.10
01/03/2006;Treasury Bills;SE 12M;2.10
02/03/2006;Treasury Bills;SE 12M;2.215
03/03/2006;Treasury Bills;SE 12M;2.23
06/03/2006;Treasury Bills;SE 12M;2.22
07/03/2006;Treasury Bills;SE 12M;2.23
08/03/2006;Treasury Bills;SE 12M;2.22
09/03/2006;Treasury Bills;SE 12M;2.23
10/03/2006;Treasury Bills;SE 12M;2.235
13/03/2006;Treasury Bills;SE 12M;2.24
14/03/2006;Treasury Bills;SE 12M;2.24
15/03/2006;Treasury Bills;SE 12M;2.26
16/03/2006;Treasury Bills;SE 12M;2.275
17/03/2006;Treasury Bills;SE 12M;2.285
20/03/2006;Treasury Bills;SE 12M;2.275
21/03/2006;Treasury Bills;SE 12M;2.30
22/03/2006;Treasury Bills;SE 12M;2.29
23/03/2006;Treasury Bills;SE 12M;2.29
24/03/2006;Treasury Bills;SE 12M;2.28
27/03/2006;Treasury Bills;SE 12M;2.28
28/03/2006;Treasury Bills;SE 12M;2.315
29/03/2006;Treasury Bills;SE 12M;2.33
30/03/2006;Treasury Bills;SE 12M;2.37
31/03/2006;Treasury Bills;SE 12M;2.365
03/04/2006;Treasury Bills;SE 12M;2.42
04/04/2006;Treasury Bills;SE 12M;2.41
05/04/2006;Treasury Bills;SE 12M;2.405
06/04/2006;Treasury Bills;SE 12M;2.38
07/04/2006;Treasury Bills;SE 12M;2.38
10/04/2006;Treasury Bills;SE 12M;2.385
11/04/2006;Treasury Bills;SE 12M;2.375
12/04/2006;Treasury Bills;SE 12M;2.385
13/04/2006;Treasury Bills;SE 12M;2.41
18/04/2006;Treasury Bills;SE 12M;2.41
19/04/2006;Treasury Bills;SE 12M;2.37
20/04/2006;Treasury Bills;SE 12M;2.355
21/04/2006;Treasury Bills;SE 12M;2.35
24/04/2006;Treasury Bills;SE 12M;2.365
25/04/2006;Treasury Bills;SE 12M;2.41
26/04/2006;Treasury Bills;SE 12M;2.415
27/04/2006;Treasury Bills;SE 12M;2.425
28/04/2006;Treasury Bills;SE 12M;2.415
02/05/2006;Treasury Bills;SE 12M;2.42
03/05/2006;Treasury Bills;SE 12M;2.405
04/05/2006;Treasury Bills;SE 12M;2.405
05/05/2006;Treasury Bills;SE 12M;2.40
08/05/2006;Treasury Bills;SE 12M;2.405
09/05/2006;Treasury Bills;SE 12M;2.41
10/05/2006;Treasury Bills;SE 12M;2.405
11/05/2006;Treasury Bills;SE 12M;2.43
12/05/2006;Treasury Bills;SE 12M;2.435
15/05/2006;Treasury Bills;SE 12M;2.415
16/05/2006;Treasury Bills;SE 12M;2.415
17/05/2006;Treasury Bills;SE 12M;2.42
18/05/2006;Treasury Bills;SE 12M;2.41
19/05/2006;Treasury Bills;SE 12M;2.415
22/05/2006;Treasury Bills;SE 12M;2.40
23/05/2006;Treasury Bills;SE 12M;2.41
24/05/2006;Treasury Bills;SE 12M;2.41
26/05/2006;Treasury Bills;SE 12M;2.405
29/05/2006;Treasury Bills;SE 12M;2.415
30/05/2006;Treasury Bills;SE 12M;2.44
31/05/2006;Treasury Bills;SE 12M;2.47
01/06/2006;Treasury Bills;SE 12M;2.50
02/06/2006;Treasury Bills;SE 12M;2.51
05/06/2006;Treasury Bills;SE 12M;2.525
07/06/2006;Treasury Bills;SE 12M;2.55
08/06/2006;Treasury Bills;SE 12M;2.70
09/06/2006;Treasury Bills;SE 12M;2.68
12/06/2006;Treasury Bills;SE 12M;2.665
13/06/2006;Treasury Bills;SE 12M;2.65
14/06/2006;Treasury Bills;SE 12M;2.665
15/06/2006;Treasury Bills;SE 12M;2.675
16/06/2006;Treasury Bills;SE 12M;2.665
19/06/2006;Treasury Bills;SE 12M;2.68
20/06/2006;Treasury Bills;SE 12M;2.745
21/06/2006;Treasury Bills;SE 12M;2.78
22/06/2006;Treasury Bills;SE 12M;2.775
26/06/2006;Treasury Bills;SE 12M;2.795
27/06/2006;Treasury Bills;SE 12M;2.795
28/06/2006;Treasury Bills;SE 12M;2.795
29/06/2006;Treasury Bills;SE 12M;2.79
30/06/2006;Treasury Bills;SE 12M;2.82
03/07/2006;Treasury Bills;SE 12M;2.805
04/07/2006;Treasury Bills;SE 12M;2.805
05/07/2006;Treasury Bills;SE 12M;2.815
06/07/2006;Treasury Bills;SE 12M;2.815
07/07/2006;Treasury Bills;SE 12M;2.815
10/07/2006;Treasury Bills;SE 12M;2.81
11/07/2006;Treasury Bills;SE 12M;2.81
12/07/2006;Treasury Bills;SE 12M;2.82
13/07/2006;Treasury Bills;SE 12M;2.815
14/07/2006;Treasury Bills;SE 12M;2.80
17/07/2006;Treasury Bills;SE 12M;2.795
18/07/2006;Treasury Bills;SE 12M;2.805
19/07/2006;Treasury Bills;SE 12M;2.795
20/07/2006;Treasury Bills;SE 12M;2.785
21/07/2006;Treasury Bills;SE 12M;2.78
24/07/2006;Treasury Bills;SE 12M;2.77
25/07/2006;Treasury Bills;SE 12M;2.775
26/07/2006;Treasury Bills;SE 12M;2.795
27/07/2006;Treasury Bills;SE 12M;2.96
28/07/2006;Treasury Bills;SE 12M;2.955
31/07/2006;Treasury Bills;SE 12M;2.945
01/08/2006;Treasury Bills;SE 12M;2.96
02/08/2006;Treasury Bills;SE 12M;2.965
03/08/2006;Treasury Bills;SE 12M;2.985
04/08/2006;Treasury Bills;SE 12M;2.98
07/08/2006;Treasury Bills;SE 12M;3.015
08/08/2006;Treasury Bills;SE 12M;3.05
09/08/2006;Treasury Bills;SE 12M;3.08
10/08/2006;Treasury Bills;SE 12M;3.065
11/08/2006;Treasury Bills;SE 12M;3.075
14/08/2006;Treasury Bills;SE 12M;3.09
15/08/2006;Treasury Bills;SE 12M;3.08
16/08/2006;Treasury Bills;SE 12M;3.07
17/08/2006;Treasury Bills;SE 12M;3.06
18/08/2006;Treasury Bills;SE 12M;3.08
21/08/2006;Treasury Bills;SE 12M;3.075
22/08/2006;Treasury Bills;SE 12M;3.055
23/08/2006;Treasury Bills;SE 12M;3.09
24/08/2006;Treasury Bills;SE 12M;3.105
25/08/2006;Treasury Bills;SE 12M;3.12
28/08/2006;Treasury Bills;SE 12M;3.158
29/08/2006;Treasury Bills;SE 12M;3.159
30/08/2006;Treasury Bills;SE 12M;3.134
31/08/2006;Treasury Bills;SE 12M;3.119
01/09/2006;Treasury Bills;SE 12M;3.12
04/09/2006;Treasury Bills;SE 12M;3.13
05/09/2006;Treasury Bills;SE 12M;3.15
06/09/2006;Treasury Bills;SE 12M;3.161
07/09/2006;Treasury Bills;SE 12M;3.166
08/09/2006;Treasury Bills;SE 12M;3.161
11/09/2006;Treasury Bills;SE 12M;3.162
12/09/2006;Treasury Bills;SE 12M;3.172
13/09/2006;Treasury Bills;SE 12M;3.162
14/09/2006;Treasury Bills;SE 12M;3.168
15/09/2006;Treasury Bills;SE 12M;3.163
18/09/2006;Treasury Bills;SE 12M;3.139
19/09/2006;Treasury Bills;SE 12M;3.13
20/09/2006;Treasury Bills;SE 12M;3.129
21/09/2006;Treasury Bills;SE 12M;3.12
22/09/2006;Treasury Bills;SE 12M;3.095
25/09/2006;Treasury Bills;SE 12M;3.09
26/09/2006;Treasury Bills;SE 12M;3.091
27/09/2006;Treasury Bills;SE 12M;3.091
28/09/2006;Treasury Bills;SE 12M;3.101
29/09/2006;Treasury Bills;SE 12M;3.101
02/10/2006;Treasury Bills;SE 12M;3.106
03/10/2006;Treasury Bills;SE 12M;3.106
04/10/2006;Treasury Bills;SE 12M;3.101
05/10/2006;Treasury Bills;SE 12M;3.117
06/10/2006;Treasury Bills;SE 12M;3.118
09/10/2006;Treasury Bills;SE 12M;3.122
10/10/2006;Treasury Bills;SE 12M;3.137
11/10/2006;Treasury Bills;SE 12M;3.142
12/10/2006;Treasury Bills;SE 12M;3.143
13/10/2006;Treasury Bills;SE 12M;3.148
16/10/2006;Treasury Bills;SE 12M;3.153
17/10/2006;Treasury Bills;SE 12M;3.148
18/10/2006;Treasury Bills;SE 12M;3.159
19/10/2006;Treasury Bills;SE 12M;3.169
20/10/2006;Treasury Bills;SE 12M;3.174
23/10/2006;Treasury Bills;SE 12M;3.184
24/10/2006;Treasury Bills;SE 12M;3.185
25/10/2006;Treasury Bills;SE 12M;3.195
26/10/2006;Treasury Bills;SE 12M;3.175
27/10/2006;Treasury Bills;SE 12M;3.176
30/10/2006;Treasury Bills;SE 12M;3.175
31/10/2006;Treasury Bills;SE 12M;3.165
01/11/2006;Treasury Bills;SE 12M;3.156
02/11/2006;Treasury Bills;SE 12M;3.166
03/11/2006;Treasury Bills;SE 12M;3.157
06/11/2006;Treasury Bills;SE 12M;3.191
07/11/2006;Treasury Bills;SE 12M;3.182
08/11/2006;Treasury Bills;SE 12M;3.192
09/11/2006;Treasury Bills;SE 12M;3.198
10/11/2006;Treasury Bills;SE 12M;3.187
13/11/2006;Treasury Bills;SE 12M;3.193
14/11/2006;Treasury Bills;SE 12M;3.197
15/11/2006;Treasury Bills;SE 12M;3.198
16/11/2006;Treasury Bills;SE 12M;3.203
17/11/2006;Treasury Bills;SE 12M;3.213
20/11/2006;Treasury Bills;SE 12M;3.208
21/11/2006;Treasury Bills;SE 12M;3.208
22/11/2006;Treasury Bills;SE 12M;3.219
23/11/2006;Treasury Bills;SE 12M;3.229
24/11/2006;Treasury Bills;SE 12M;3.23
27/11/2006;Treasury Bills;SE 12M;3.224
28/11/2006;Treasury Bills;SE 12M;3.214
29/11/2006;Treasury Bills;SE 12M;3.229
30/11/2006;Treasury Bills;SE 12M;3.23
01/12/2006;Treasury Bills;SE 12M;3.235
04/12/2006;Treasury Bills;SE 12M;3.236
05/12/2006;Treasury Bills;SE 12M;3.23
06/12/2006;Treasury Bills;SE 12M;3.236
07/12/2006;Treasury Bills;SE 12M;3.23
08/12/2006;Treasury Bills;SE 12M;3.256
11/12/2006;Treasury Bills;SE 12M;3.266
12/12/2006;Treasury Bills;SE 12M;3.283
13/12/2006;Treasury Bills;SE 12M;3.297
14/12/2006;Treasury Bills;SE 12M;3.303
15/12/2006;Treasury Bills;SE 12M;3.309
18/12/2006;Treasury Bills;SE 12M;3.318
19/12/2006;Treasury Bills;SE 12M;3.323
20/12/2006;Treasury Bills;SE 12M;3.319
21/12/2006;Treasury Bills;SE 12M;3.426
22/12/2006;Treasury Bills;SE 12M;3.426
27/12/2006;Treasury Bills;SE 12M;3.446
28/12/2006;Treasury Bills;SE 12M;3.451
29/12/2006;Treasury Bills;SE 12M;3.457
02/01/2007;Treasury Bills;SE 12M;3.451
03/01/2007;Treasury Bills;SE 12M;3.452
04/01/2007;Treasury Bills;SE 12M;3.447
05/01/2007;Treasury Bills;SE 12M;3.452
08/01/2007;Treasury Bills;SE 12M;3.458
09/01/2007;Treasury Bills;SE 12M;3.463
10/01/2007;Treasury Bills;SE 12M;3.473
11/01/2007;Treasury Bills;SE 12M;3.469
12/01/2007;Treasury Bills;SE 12M;3.474
15/01/2007;Treasury Bills;SE 12M;3.478
16/01/2007;Treasury Bills;SE 12M;3.484
17/01/2007;Treasury Bills;SE 12M;3.494
18/01/2007;Treasury Bills;SE 12M;3.505
19/01/2007;Treasury Bills;SE 12M;3.50
22/01/2007;Treasury Bills;SE 12M;3.505
23/01/2007;Treasury Bills;SE 12M;3.505
24/01/2007;Treasury Bills;SE 12M;3.516
25/01/2007;Treasury Bills;SE 12M;3.526
26/01/2007;Treasury Bills;SE 12M;3.536
29/01/2007;Treasury Bills;SE 12M;3.572
30/01/2007;Treasury Bills;SE 12M;3.577
31/01/2007;Treasury Bills;SE 12M;3.572
01/02/2007;Treasury Bills;SE 12M;3.567
02/02/2007;Treasury Bills;SE 12M;3.558
05/02/2007;Treasury Bills;SE 12M;3.507
06/02/2007;Treasury Bills;SE 12M;3.502
07/02/2007;Treasury Bills;SE 12M;3.513
08/02/2007;Treasury Bills;SE 12M;3.529
09/02/2007;Treasury Bills;SE 12M;3.514
12/02/2007;Treasury Bills;SE 12M;3.508
13/02/2007;Treasury Bills;SE 12M;3.509
14/02/2007;Treasury Bills;SE 12M;3.509
15/02/2007;Treasury Bills;SE 12M;3.439
16/02/2007;Treasury Bills;SE 12M;3.44
19/02/2007;Treasury Bills;SE 12M;3.44
20/02/2007;Treasury Bills;SE 12M;3.435
21/02/2007;Treasury Bills;SE 12M;3.43
22/02/2007;Treasury Bills;SE 12M;3.441
23/02/2007;Treasury Bills;SE 12M;3.435
26/02/2007;Treasury Bills;SE 12M;3.441
27/02/2007;Treasury Bills;SE 12M;3.436
28/02/2007;Treasury Bills;SE 12M;3.431
01/03/2007;Treasury Bills;SE 12M;3.422
02/03/2007;Treasury Bills;SE 12M;3.426
05/03/2007;Treasury Bills;SE 12M;3.534
06/03/2007;Treasury Bills;SE 12M;3.529
07/03/2007;Treasury Bills;SE 12M;3.53
08/03/2007;Treasury Bills;SE 12M;3.531
09/03/2007;Treasury Bills;SE 12M;3.536
12/03/2007;Treasury Bills;SE 12M;3.536
13/03/2007;Treasury Bills;SE 12M;3.537
14/03/2007;Treasury Bills;SE 12M;3.517
15/03/2007;Treasury Bills;SE 12M;3.47
16/03/2007;Treasury Bills;SE 12M;3.47
19/03/2007;Treasury Bills;SE 12M;3.474
20/03/2007;Treasury Bills;SE 12M;3.47
21/03/2007;Treasury Bills;SE 12M;3.471
22/03/2007;Treasury Bills;SE 12M;3.471
23/03/2007;Treasury Bills;SE 12M;3.486
26/03/2007;Treasury Bills;SE 12M;3.50
27/03/2007;Treasury Bills;SE 12M;3.521
28/03/2007;Treasury Bills;SE 12M;3.527
29/03/2007;Treasury Bills;SE 12M;3.521
30/03/2007;Treasury Bills;SE 12M;3.532
02/04/2007;Treasury Bills;SE 12M;3.526
03/04/2007;Treasury Bills;SE 12M;3.538
04/04/2007;Treasury Bills;SE 12M;3.548
05/04/2007;Treasury Bills;SE 12M;3.544
10/04/2007;Treasury Bills;SE 12M;3.569
11/04/2007;Treasury Bills;SE 12M;3.574
12/04/2007;Treasury Bills;SE 12M;3.564
13/04/2007;Treasury Bills;SE 12M;3.569
16/04/2007;Treasury Bills;SE 12M;3.625
17/04/2007;Treasury Bills;SE 12M;3.635
18/04/2007;Treasury Bills;SE 12M;3.63
19/04/2007;Treasury Bills;SE 12M;3.635
20/04/2007;Treasury Bills;SE 12M;3.645
23/04/2007;Treasury Bills;SE 12M;3.651
24/04/2007;Treasury Bills;SE 12M;3.651
25/04/2007;Treasury Bills;SE 12M;3.642
26/04/2007;Treasury Bills;SE 12M;3.672
27/04/2007;Treasury Bills;SE 12M;3.678
30/04/2007;Treasury Bills;SE 12M;3.677
02/05/2007;Treasury Bills;SE 12M;3.684
03/05/2007;Treasury Bills;SE 12M;3.683
04/05/2007;Treasury Bills;SE 12M;3.668
07/05/2007;Treasury Bills;SE 12M;3.669
08/05/2007;Treasury Bills;SE 12M;3.664
09/05/2007;Treasury Bills;SE 12M;3.669
10/05/2007;Treasury Bills;SE 12M;3.68
11/05/2007;Treasury Bills;SE 12M;3.674
14/05/2007;Treasury Bills;SE 12M;3.842
15/05/2007;Treasury Bills;SE 12M;3.853
16/05/2007;Treasury Bills;SE 12M;3.838
18/05/2007;Treasury Bills;SE 12M;3.853
21/05/2007;Treasury Bills;SE 12M;3.853
22/05/2007;Treasury Bills;SE 12M;3.844
23/05/2007;Treasury Bills;SE 12M;3.86
24/05/2007;Treasury Bills;SE 12M;3.861
25/05/2007;Treasury Bills;SE 12M;3.861
28/05/2007;Treasury Bills;SE 12M;3.841
29/05/2007;Treasury Bills;SE 12M;3.821
30/05/2007;Treasury Bills;SE 12M;3.826
31/05/2007;Treasury Bills;SE 12M;3.833
01/06/2007;Treasury Bills;SE 12M;3.843
04/06/2007;Treasury Bills;SE 12M;3.839
05/06/2007;Treasury Bills;SE 12M;3.834
07/06/2007;Treasury Bills;SE 12M;3.85
08/06/2007;Treasury Bills;SE 12M;3.846
11/06/2007;Treasury Bills;SE 12M;3.851
12/06/2007;Treasury Bills;SE 12M;3.842
13/06/2007;Treasury Bills;SE 12M;3.847
14/06/2007;Treasury Bills;SE 12M;3.832
15/06/2007;Treasury Bills;SE 12M;3.759
18/06/2007;Treasury Bills;SE 12M;3.754
19/06/2007;Treasury Bills;SE 12M;3.745
20/06/2007;Treasury Bills;SE 12M;3.84
21/06/2007;Treasury Bills;SE 12M;3.861
25/06/2007;Treasury Bills;SE 12M;3.851
26/06/2007;Treasury Bills;SE 12M;3.856
27/06/2007;Treasury Bills;SE 12M;3.856
28/06/2007;Treasury Bills;SE 12M;3.872
29/06/2007;Treasury Bills;SE 12M;3.872
02/07/2007;Treasury Bills;SE 12M;3.872
03/07/2007;Treasury Bills;SE 12M;3.878
04/07/2007;Treasury Bills;SE 12M;3.892
05/07/2007;Treasury Bills;SE 12M;3.913
06/07/2007;Treasury Bills;SE 12M;3.914
09/07/2007;Treasury Bills;SE 12M;3.908
10/07/2007;Treasury Bills;SE 12M;3.909
11/07/2007;Treasury Bills;SE 12M;3.905
12/07/2007;Treasury Bills;SE 12M;3.914
13/07/2007;Treasury Bills;SE 12M;3.92
16/07/2007;Treasury Bills;SE 12M;3.92
17/07/2007;Treasury Bills;SE 12M;3.92
18/07/2007;Treasury Bills;SE 12M;3.91
19/07/2007;Treasury Bills;SE 12M;3.922
20/07/2007;Treasury Bills;SE 12M;3.911
23/07/2007;Treasury Bills;SE 12M;3.901
24/07/2007;Treasury Bills;SE 12M;3.912
25/07/2007;Treasury Bills;SE 12M;3.897
26/07/2007;Treasury Bills;SE 12M;3.908
27/07/2007;Treasury Bills;SE 12M;3.913
30/07/2007;Treasury Bills;SE 12M;3.923
31/07/2007;Treasury Bills;SE 12M;3.933
01/08/2007;Treasury Bills;SE 12M;3.928
02/08/2007;Treasury Bills;SE 12M;3.944
03/08/2007;Treasury Bills;SE 12M;3.935
06/08/2007;Treasury Bills;SE 12M;3.945
07/08/2007;Treasury Bills;SE 12M;3.944
08/08/2007;Treasury Bills;SE 12M;3.945
09/08/2007;Treasury Bills;SE 12M;3.94
10/08/2007;Treasury Bills;SE 12M;3.906
13/08/2007;Treasury Bills;SE 12M;3.896
14/08/2007;Treasury Bills;SE 12M;3.911
15/08/2007;Treasury Bills;SE 12M;3.897
16/08/2007;Treasury Bills;SE 12M;3.857
17/08/2007;Treasury Bills;SE 12M;3.792
20/08/2007;Treasury Bills;SE 12M;3.792
21/08/2007;Treasury Bills;SE 12M;3.747
22/08/2007;Treasury Bills;SE 12M;3.802
23/08/2007;Treasury Bills;SE 12M;3.813
24/08/2007;Treasury Bills;SE 12M;3.813
27/08/2007;Treasury Bills;SE 12M;3.828
28/08/2007;Treasury Bills;SE 12M;3.828
29/08/2007;Treasury Bills;SE 12M;3.824
30/08/2007;Treasury Bills;SE 12M;3.834
31/08/2007;Treasury Bills;SE 12M;3.85
03/09/2007;Treasury Bills;SE 12M;3.971
04/09/2007;Treasury Bills;SE 12M;3.961
05/09/2007;Treasury Bills;SE 12M;3.961
06/09/2007;Treasury Bills;SE 12M;3.947
07/09/2007;Treasury Bills;SE 12M;3.937
10/09/2007;Treasury Bills;SE 12M;3.932
11/09/2007;Treasury Bills;SE 12M;3.897
12/09/2007;Treasury Bills;SE 12M;3.872
13/09/2007;Treasury Bills;SE 12M;3.864
14/09/2007;Treasury Bills;SE 12M;3.759
17/09/2007;Treasury Bills;SE 12M;3.744
18/09/2007;Treasury Bills;SE 12M;3.739
19/09/2007;Treasury Bills;SE 12M;3.75
20/09/2007;Treasury Bills;SE 12M;3.755
21/09/2007;Treasury Bills;SE 12M;3.765
24/09/2007;Treasury Bills;SE 12M;3.771
25/09/2007;Treasury Bills;SE 12M;3.766
26/09/2007;Treasury Bills;SE 12M;3.782
27/09/2007;Treasury Bills;SE 12M;3.791
28/09/2007;Treasury Bills;SE 12M;3.792
01/10/2007;Treasury Bills;SE 12M;3.792
02/10/2007;Treasury Bills;SE 12M;3.797
03/10/2007;Treasury Bills;SE 12M;3.798
04/10/2007;Treasury Bills;SE 12M;3.813
05/10/2007;Treasury Bills;SE 12M;3.834
08/10/2007;Treasury Bills;SE 12M;3.844
09/10/2007;Treasury Bills;SE 12M;3.849
10/10/2007;Treasury Bills;SE 12M;3.869
11/10/2007;Treasury Bills;SE 12M;3.904
12/10/2007;Treasury Bills;SE 12M;3.915
15/10/2007;Treasury Bills;SE 12M;3.96
16/10/2007;Treasury Bills;SE 12M;3.95
17/10/2007;Treasury Bills;SE 12M;3.955
18/10/2007;Treasury Bills;SE 12M;3.957
19/10/2007;Treasury Bills;SE 12M;3.936
22/10/2007;Treasury Bills;SE 12M;3.937
23/10/2007;Treasury Bills;SE 12M;3.957
24/10/2007;Treasury Bills;SE 12M;3.972
25/10/2007;Treasury Bills;SE 12M;3.983
26/10/2007;Treasury Bills;SE 12M;3.988
29/10/2007;Treasury Bills;SE 12M;3.978
30/10/2007;Treasury Bills;SE 12M;3.974
31/10/2007;Treasury Bills;SE 12M;4.019
01/11/2007;Treasury Bills;SE 12M;4.035
02/11/2007;Treasury Bills;SE 12M;4.024
05/11/2007;Treasury Bills;SE 12M;4.03
06/11/2007;Treasury Bills;SE 12M;4.025
07/11/2007;Treasury Bills;SE 12M;4.025
08/11/2007;Treasury Bills;SE 12M;4.021
09/11/2007;Treasury Bills;SE 12M;4.011
12/11/2007;Treasury Bills;SE 12M;4.027
13/11/2007;Treasury Bills;SE 12M;4.043
14/11/2007;Treasury Bills;SE 12M;4.052
15/11/2007;Treasury Bills;SE 12M;4.038
16/11/2007;Treasury Bills;SE 12M;4.038
19/11/2007;Treasury Bills;SE 12M;4.033
20/11/2007;Treasury Bills;SE 12M;4.033
21/11/2007;Treasury Bills;SE 12M;4.013
22/11/2007;Treasury Bills;SE 12M;4.014
23/11/2007;Treasury Bills;SE 12M;4.02
26/11/2007;Treasury Bills;SE 12M;4.00
27/11/2007;Treasury Bills;SE 12M;3.99
28/11/2007;Treasury Bills;SE 12M;4.01
29/11/2007;Treasury Bills;SE 12M;3.995
30/11/2007;Treasury Bills;SE 12M;3.996
03/12/2007;Treasury Bills;SE 12M;4.006
04/12/2007;Treasury Bills;SE 12M;4.002
05/12/2007;Treasury Bills;SE 12M;4.001
06/12/2007;Treasury Bills;SE 12M;4.028
07/12/2007;Treasury Bills;SE 12M;4.067
10/12/2007;Treasury Bills;SE 12M;4.103
11/12/2007;Treasury Bills;SE 12M;4.148
12/12/2007;Treasury Bills;SE 12M;4.19
13/12/2007;Treasury Bills;SE 12M;4.216
14/12/2007;Treasury Bills;SE 12M;4.206
17/12/2007;Treasury Bills;SE 12M;4.181
18/12/2007;Treasury Bills;SE 12M;4.191
19/12/2007;Treasury Bills;SE 12M;4.158
20/12/2007;Treasury Bills;SE 12M;4.143
21/12/2007;Treasury Bills;SE 12M;4.143
27/12/2007;Treasury Bills;SE 12M;4.149
28/12/2007;Treasury Bills;SE 12M;4.134
